Study ID,Geographical location,PET participants,MRI participants,Average Age (Years),Male,Female,Caucasian,Black,African-American,Asian,Other,Not specified,Asian American,Middle Eastern,Carribean,Jewish,Caucasian-Hispanic
1,Montreal,26,26,27.1,26,,,,,,,,,,,,
2,Montreal,,8,,4,4,,,,,,,,,,,
3,Montreal,,9,,,,,,,,,,,,,,
4,Montreal,13,13,,,,,,,,,,,,,,
5,Montreal,,25,62.5,20,5,,,,,,,,,,,
6,Montreal,,20,29.6,10,10,,,,,,,,,,,
7,Montreal,,5,,,,,,,,,,,,,,
8,Montreal,,35,29.5,17,18,,,,,,,,,,,
9,Montreal,,37,,,,,,,,,,,,,,
10,Montreal,,84,,,71,,,,,,,,,,,
11,Montreal,,6,25.3,1,5,,,,,,,,,,,
12,Montreal,,9,28.1,4,5,,,,,,,,,,,
13,Montreal,26,,27.1,26,,,,,,,,,,,,
14,Montreal,,47,24.8,26,21,,,,,,,,,,,
15,Montreal,,32,33,14,17,,,,,,,,,,,
16,Montreal,,2,,,,8,,,,,,,,,,
17,Montreal,,18,29.1,10,8,,,,,,,,,,,
18,Montreal,,1,42.2,,,,,,,,,,,,,
19,Montreal,,31,31.8,15,16,26,,,,,,,,,,
20,Montreal,,156,29.8,,,,,,,,,,,,,
21,Montreal,,55,,24,31,,,,,,,,,,,
22,Montreal,,8,30,5,3,,,,,,,,,,,
23,Montreal,,20,35.5,14,6,,,,,,,,,,,
24,Montreal,,77,,,,,,,,,,,,,,
25,Montreal,,17,25.6,10,7,,,,,,,,,,,
26,Montreal,,14,24.9,4,10,,,,,,,,,,,
27,Montreal,,15,35,1,14,,,,,,,,,,,
28,Montreal,,10,23.5,10,,10,,,,,,,,,,
29,Montreal,12,12,67.1,6,6,,,,,,,,,,,
30,Montreal,,160,0.75,87,73,,,,,,,,,,,
31,Montreal,,11,27.9,5,6,,,,,,,,,,,
32,Montreal,,65,64.9,48,17,,,,,,,,,,,
33,Sherbrooke,,35,27.5,12,23,,,,,,,,,,,
34,Montreal,,,,,,,,,,,,,,,,
35,Montreal,,14,21.88,10,4,,,,,,,,,,,
36,Montreal,,17,23.1,8,9,,,,,,,,,,,
37,Montreal,,11,32.3,7,4,,,,,,,,,,,
38,Montreal,38,38,,,,,,,,,,,,,,
39,Montreal,,44,34.5,18,26,,,,,,,,,,,
40,Montreal,,74,32.1,34,40,,,,,,,,,,,
41,Montreal,,36,,,,,,,,,,,,,,
42,Montreal,42,42,34.5,30,12,,,,,,,,,,,
43,Quebec City,28,,59.3,15,13,,,,,,,,,,,
44,Montreal,10,10,,5,5,,,,,,,,,,,
45,Montreal,,17,25.9,7,10,,,,,,,,,,,
46,Montreal,,12,7.9,,,,,,,,,,,,,
47,Montreal,,38,34,21,17,,,,,,,,,,,
48,Montreal,,15,47,9,6,,,,,,,,,,,
49,Montreal,,16,,8,8,,,,,,,,,,,
50,Quebec City,,100,65,49,51,,,,,,,,,,,
51,Montreal,,14,25.4,5,9,,,,,,,,,,,
52,Montreal,,12,32.7,,,,,,,,,,,,,
53,Montreal,,45,35,20,25,,,,,,,,,,,
54,Quebec City,5,6,47,,,,,,,,,,,,,
55,Montreal,,64,23.5,,,,,,,,,,,,,
56,Montreal,,180,,,,,,,,,,,,,,
57,Quebec City,,19,67.5,15,4,,,,,,,,,,,
58,Sherbrooke,,14,26,9,5,,,,,,,,,,,
59,Montreal,,62,,,,,,,,,,,,,,
60,Montreal,,12,22,7,5,,,,,,,,,,,
61,Montreal,,162,34,59,103,,,,,,,,,,,
62,Montreal,,20,24.8,11,9,,,,,,,,,,,
63,Montreal,,34,34,10,24,,,,,,,,,,,
64,Montreal,,26,32,,,,,,,,,,,,,
65,Montreal,,180,57,109,71,,,,,,,,,,,
66,Montreal,,14,24,9,5,,,,,,,,,,,
67,Montreal,,50,23.9,26,24,,,,,,,,,,,
68,Montreal,,46,,29,17,,,,,,,,,,,
69,Montreal,,14,42.8,7,7,,,,,,,,,,,
70,Montreal,12,12,22.5,6,6,,,,,,,,,,,
71,Montreal,,99,34,47,52,,,,,,,,,,,
72,Trois-Rivières,,23,24,,,,,,,,,,,,,
73,Montreal,,32,23.6,13,19,,,,,,,,,,,
74,Quebec City,,14,24.5,9,5,,,,,,,,,,,
75,Montreal,,12,29,4,8,,,,,,,,,,,
76,Montreal,,9,,5,4,,,,,,,,,,,
77,Montreal,,29,22.9,29,,,,,,,,,,,,
78,Montreal,,17,31,13,4,,,,,,,,,,,
79,Montreal,,69,34,33,36,,,,,,,,,,,
80,Montreal,,14,,5,9,,,,,,,,,,,
81,Montreal,,13,36,4,9,,,,,,,,,,,
82,Montreal,,47,26.4,20,27,,,,,,,,,,,
83,Montreal,,151,13.5,69,82,,,,,,,,,,,
84,Montreal,,53,,14,39,,,,,,,,,,,
85,Montreal,,30,70.07,9,21,,,,,,,,,,,
86,Montreal,,17,36,8,9,,,,,,,,,,,
87,Montreal,,5,28.8,,5,,,,,,,,,,,
88,Montreal,,12,,,,,,,,,,,,,,
89,Montreal,,7,,3,4,,,,,,,,,,,
90,Montreal,,17,6.1,9,8,,,,,,,,,,,
91,Montreal,,24,10.6,14,10,17,,,,,,,,,,
92,Montreal,7,7,50,2,5,,,,,,,,,,,
93,Montreal,,22,32.95,11,11,,,,,,,,,,,
94,Montreal,,128,46.96,43,85,,,,,,,,,,,
95,Montreal,,29,> 0.69,,,,,,,,,,,,,
96,Montreal,8,8,23.75,4,4,,,,,,,,,,,
97,Montreal,,57,33.25,31,26,,,,,,,,,,,
98,Quebec City,41,,63,,,,,,,,,,,,,
99,Montreal,,122,,85,37,,,,,,,,,,,
100,Montreal,,18,29.1,10,8,,,,,,,,,,,
101,Montreal,11,11,22.2,10,1,,,,,,,,,,,
102,Montreal,,44,38.1,21,23,,,,,,,,,,,
103,Montreal,10,10,28.1,5,5,,,,,,,,,,,
104,Montreal,,17,,,,,,,,,,,,,,
105,Montreal,,13,23.3,6,7,,,,,,,,,,,
106,Montreal,,49,,49,,,,,,,,,,,,
107,Montreal,,8,26.1,2,6,,,,,,,,,,,
108,Montreal,,149,33.75,70,79,,,,,,,,,,,
109,Montreal,,132,,68,64,,,,,,,,,,,
110,Montreal,,21,23.05,,,,,,,,,,,,,
111,Montreal,,34,,,,,,,,,,,,,,
112,Montreal,,5,,,,,,,,,,,,,,
113,Montreal,,94,,,,,,,,,,,,,,
114,Montreal,,20,10.2,16,4,,,,,,,,,,,
115,Sherbrooke,,20,,13,7,,,,,,,,,,,
116,Sherbrooke,,15,20.5,5,10,,,,,,,,,,,
117,Montreal,,30,27.9,17,13,,,,,,,,,,,
118,Montreal,6,,22,6,,,,,,,,,,,,
119,Montreal,22,18,35,11,14,,,,,,,,,,,
120,Montreal,11,11,,5,6,,,,,,,,,,,
121,Montreal,,32,,,,,,,,,,,,,,
122,Montreal,35,35,,,,,,,,,,,,,,
123,Montreal,,15,28.8,,,,,,,,,,,,,
124,Montreal,,46,32,,,,,,,,,,,,,
125,Montreal,,69,32.5,29,40,,,,,,,,,,,
126,Montreal,,14,22.14,,14,,,,,,,,,,,
127,Montreal,,121,56.5,73,48,,,,,,,,,,,
128,Montreal,,24,44,6,18,,,,,,,,,,,
129,Quebec City,,33,19.17,17,16,31,,,,,,,,,,
130,Montreal,,180,,68,112,123,,,,57,,,,,,
131,Montreal,14,14,22.07,,14,,,,,,,,,,,
132,Montreal,,130,31.5,,,,,,,,,,,,,
133,Montreal,,12,,5,7,,,,,,,,,,,
134,Montreal,,15,24.95,,,,,,,,,,,,,
135,"Montreal, Sherbrooke, Quebec City",,62,67.6,42,20,,,,,,,,,,,
136,Montreal,,9,57.1,,,,,,,,,,,,,
137,Montreal,,24,,13,11,,,,,,,,,,,
138,Montreal,,33,73.4,18,15,,,,,,,,,,,
139,Montreal,,13,,7,6,,,,,,,,,,,
140,Montreal,,16,27,7,9,,,,,,,,,,,
141,Montreal,,17,26.8,9,8,,,,,,,,,,,
142,Montreal,,8,,4,4,,,,,,,,,,,
143,Montreal,,40,41,,,,,,,,,,,,,
144,Montreal,113,113,,45,68,,,,,,,,,,,
145,Montreal,,20,74.35,,,,,,,,,,,,,
146,Quebec City,,22,,8,14,,,,,,,,,,,
147,Montreal,,114,,78,36,,,,,,,,,,,
148,Montreal,12,12,67,6,6,,,,,,,,,,,
149,Montreal,,43,,26,17,,,,,,,,,,,
150,Montreal,,15,23,,,,,,,,,,,,,
151,Montreal,,7,,,,,,,,,,,,,,
152,Montreal,22,12,58.4,12,10,,,,,,,,,,,
153,Montreal,,14,43.5,6,8,,,,,,,,,,,
154,Montreal,,14,,6,8,,,,,,,,,,,
155,Montreal,,33,67.3,20,13,,,,,,,,,,,
156,Montreal,,55,21.4,,,,,,,,,,,,,
157,Montreal,,86,17.22,41,45,,,,,,,,,,,
158,Montreal,,16,35.7,,,,,,,,,,,,,
159,Montreal,,54,69.9,17,37,,,,,,,,,,,
160,Montreal,,34,24.5,16,18,,,,,,,,,,,
161,Montreal,10,10,24.2,10,,,,,,,,,,,,
162,Montreal,,63,,32,31,,,,,,,,,,,
163,Montreal,,24,23.5,9,15,,,,,,,,,,,
164,Montreal,,58,25.65,33,25,,,,,,,,,,,
165,Montreal,,2,38,1,1,,,,,,,,,,,
166,Montreal,,40,35,,,,,,,,,,,,,
167,Montreal,,125,13.5,57,68,,,,,,,,,,,
168,Montreal,18,18,,,18,,,,,,,,,,,
169,Montreal,,86,36.4,41,45,,,,,,,,,,,
170,Montreal,,40,69.98,,,,,,,,,,,,,
171,Montreal,51,51,,28,23,,,,,,,,,,,
172,Montreal,,27,35.95,17,10,,,,,,,,,,,
173,Montreal,,12,23,4,8,,,,,,,,,,,
174,Montreal,,13,27.4,6,7,,,,,,,,,,,
175,Quebec City,,13,26.1,,,,,,,,,,,,,
176,"Montreal, Quebec City, Laurentians, Lanaudiere, Estrie, Outaouais",,126,3.625,68,58,,,,,,,,,,,
177,Montreal,,244,,,,,,,,,,,,,,
178,Montreal,,23,24.2,13,10,,,,,,,,,,,
179,Montreal,,23,>0.69,,,,,,,,,,,,,
180,Montreal,,34,,16,18,,,,,,,,,,,
181,Montreal,,13,33.3,,,,,,,,,,,,,
182,Montreal,12,12,32,6,6,,,,,,,,,,,
183,Montreal,14,14,21.4,,14,,,,,,,,,,,
184,Montreal,44,44,32.9,17,27,,,,,,,,,,,
185,Sherbrooke,,48,,24,24,,,,,,,,,,,
186,Montreal,,29,> 50,5,24,,,,,,,,,,,
187,Montreal,,18,,11,7,,,,,,,,,,,
188,Montreal,,53,69.95,14,39,,,,,,,,,,,
189,Montreal,,26,40,15,11,,,,,,,,,,,
190,Montreal,,81,35,31,50,,,,,,,,,,,
191,Montreal,,24,23.7,12,12,,,,,,,,,,,
192,Montreal,,155,34,53,102,,,,,,,,,,,
193,Montreal,,16,23.6,7,9,,,,,,,,,,,
194,Montreal,,12,,9,3,,,,,,,,,,,
195,Montreal,16,16,22.4,16,,,,,,,,,,,,
196,Montreal,,20,29.6,10,10,,,,,,,,,,,
197,Montreal,,53,,16,37,,,,,,,,,,,
198,Montreal,,32,,16,16,,,,,,,,,,,
199,Montreal,,14,22.7,7,7,,,,,,,,,,,
200,Montreal,,8,28,2,6,,,,,,,,,,,
201,Montreal,,14,22.6,8,6,,,,,,,,,,,
202,Montreal,10,10,64.6,8,2,,,,,,,,,,,
203,Sherbrooke,,42,22,,,,,,,,,,,,,
204,Montreal,3,3,29.3,,3,,,,,,,,,,,
205,Montreal,,6,,3,3,,,,,,,,,,,
206,Capitale-Nationale,,17,41.2,9,8,,,,,,,,,,,
207,Montreal,,79,,,,,,,,,,,,,,
208,Montreal,,5,,3,2,,,,,,,,,,,
209,Montreal,,71,65.3,55,16,,,,,,,,,,,
210,Montreal,,160,34,65,95,,,,,,,,,,,
211,Montreal,10,10,30,,,,,,,,,,,,,
212,Montreal,,15,49.93,,15,,,,,,,,,,,
213,Montreal,,55,23,21,34,,,,,,,,,,,
214,Montreal,,18,23.1,8,10,,,,,,,,,,,
215,Montreal,,59,,,,,,,,,,,,,,
216,Montreal,21,21,,,,,,,,,,,,,,
217,Montreal,,33,,29,4,,,,,,,,,,,
218,Quebec City,59,,61.3,43,16,,,,,,,,,,,
219,Sherbrooke,,28,55.48,14,14,,,,,,,,,,,
220,Montreal,,26,25,11,15,14,,4,8,,,,,,,
221,Montreal,10,10,,10,,,,,,,,,,,,
222,Montreal,17,17,22.15,17,,,,,,,,,,,,
223,Montreal,,153,34.4,,,,,,,,,,,,,
224,Montreal,20,20,,14,6,,,,,,,,,,,
225,Montreal,,29,34.3,,,,,,,,,,,,,
226,Montreal,,32,,,,,,,,,,,,,,
227,Montreal,,20,25.85,,,,,,,,,,,,,
228,Montreal,70,70,29,49,21,,,,,,,,,,,
229,Montreal,,33,10.59,13,20,,,,,,,,,,,
230,Montreal,,179,34.7,131,48,,,,,,,,,,,
231,Montreal,,181,34.7,80,101,,,,,,,,,,,
232,Montreal,,135,23.85,49,86,,,,,,,,,,,
233,Montreal,,20,74.35,8,12,,,,,,,,,,,
234,Montreal,,10,66.2,7,3,,,,,,,,,,,
235,Montreal,,8,34,4,4,,,,,,,,,,,
236,Montreal,16,16,26.15,16,,,,,,,,,,,,
237,Montreal,12,12,56.8,6,6,,,,,,,,,,,
238,Montreal,,6,24.5,6,,,,,,,,,,,,
239,Montreal,,35,73.4,13,22,,,,,,,,,,,
240,Montreal,,179,34,78,81,,,,,,,,,,,
241,Montreal,,169,31.3,75,94,,,,,,,,,,,
242,Montreal,,46,,40,6,,,,,,,,,,,
243,Montreal,,14,23.9,7,7,,,,,,,,,,,
244,Montreal,,10,,,,,,,,,,,,,,
245,Montreal,,4,27.3,2,2,,,,,,,,,,,
246,Montreal,,31,,,,,,,,,,,,,,
247,Montreal,,61,23.4,43,18,,,,,,,,,,,
248,Sherbrooke,,9,25,7,2,,,,,,,,,,,
249,Montreal,,50,33,20,30,,,,,,,,,,,
250,Montreal,,31,32.5,,,,,,,,,,,,,
251,Montreal,,24,23.92,12,12,,,,,,,,,,,
252,Montreal,,23,,10,13,,,,,,,,,,,
253,Montreal,,36,41.2,17,19,,,,,,,,,,,
254,Montreal,,31,23.3,11,20,,,,,,,,,,,
255,Montreal,,35,48,7,28,,,,,,,,,,,
256,Montreal,,20,24.3,,20,,,,,,,,,,,
257,Montreal,,24,23.5,12,12,,,,,,,,,,,
258,Montreal,7,,65.9,6,1,,,,,,,,,,,
259,Montreal,,187,24.27,130,57,,,,,,,,,,,
260,Montreal,,18,30.4,8,10,,,,,,,,,,,
261,Montreal,,21,21.26,,21,,,,,,,,,,,
262,Montreal,,178,54.6,80,98,,,,,,,,,,,
263,Sherbrooke,,14,,9,5,,,,,,,,,,,
264,Montreal,,10,24,,,,,,,,,,,,,
265,Montreal,,75,36,35,42,,,,,,,,,,,
266,Sherbrooke,,67,53,23,44,,,,,,,,,,,
267,Montreal,,20,21.2,8,12,,,,,,,,,,,
268,Montreal,,49,,,,,,,,,,,,,,
269,Montreal,12,61,33.05,6,6,,,,,,,,,,,
270,Montreal,,28,22.1,8,5,,,,,,,,,,,
271,Montreal,,50,65.9,14,36,,,,,,,,,,,
272,Quebec City,,30,26.87,10,20,28,,,,,2,,,,,
273,Montreal,104,104,73.31,27,77,,,,,,,,,,,
274,Montreal,,26,,,,,,,,,,,,,,
275,Montreal,,40,67.77,17,23,40,,,,,,,,,,
276,Montreal,,32,36.8,5,13,,,,,,,,,,,
277,Montreal,,44,36,19,25,,,,,,,,,,,
278,Montreal,,32,10.61,12,20,,,,,,,,,,,
279,Montreal,,15,31,8,2,,,,,,,,,,,
280,Sherbrooke,63,63,74.27,27,38,,,,,,,,,,,
281,Montreal,,36,45.3,12,24,,,,,,,,,,,
282,Montreal,12,12,21,6,6,,,,,,,,,,,
283,Montreal,,39,61.5,21,18,,,,,,,,,,,
284,Sherbrooke,18,18,24.3,,18,,,,,,,,,,,
285,Montreal,,10,33.4,6,4,,,,,,,,,,,
286,Montreal,,10,,8,2,,,,,,,,,,,
287,Montreal,,76,13.36,35,41,63,,,,,,,,,,
288,Quebec City,,33,65.1,8,25,,,,,,,,,,,
289,Montreal,,135,20.27,57,78,,,,,,,,,,,
290,Montreal,,4,39,4,,,,,,,,,,,,
291,Montreal,,20,69.2,5,15,,,,,,,,,,,
292,Quebec City,,15,26.8,6,9,,,,,,,,,,,
293,Montreal,,28,26.53,28,,,,,,,,,,,,
294,Montreal,,56,26.25,56,,,,,,,,,,,,
295,Montreal,,15,,,,,,,,,,,,,,
296,Montreal,,51,< 0.56,,,,,,,,,,,,,
297,Montreal,17,17,24.8,15,2,,,,,,,,,,,
298,Montreal,,29,60,22,7,,,,,,,,,,,
299,Montreal,,5,,5,,,,,,,,,,,,
300,Montreal,,119,31.08,58,61,,,,,,,,,,,
301,Montreal,,6,38,4,2,,,,,,,,,,,
302,Montreal,,60,22.9,31,39,,,,,,,,,,,
303,Montreal,,44,43.5,20,24,,,,,,,,,,,
304,Montreal,,30,,10,20,,,,,,,,,,,
305,Montreal,,59,,32,28,,,,,,,,,,,
306,Montreal,,38,37.69,17,19,,,,,,,,,,,
307,Montreal,,79,23.3,57,22,,,,,,,,,,,
308,Montreal,,44,23.3,31,13,,,,,,,,,,,
309,Montreal,,82,23.7,61,21,56,,,,,,,,,,
310,Montreal,,27,59.77,23,14,,,,,,,,,,,
311,Montreal,,24,23,17,7,,,,,,,,,,,
312,Montreal,,37,,,,,,,,,,,,,,
313,Montreal,,16,24,5,11,,,,,,,,,,,
314,Montreal,,23,12.2,9,14,,,,,,,,,,,
315,Montreal,,128,24.2,90,38,,,,,,,,,,,
316,Montreal,,51,48.75,,51,,,,,,,,,,,
317,Montreal,,,24.2,,,,,,,,,,,,,
318,Montreal,,86,45.18,4,82,,,,,,,,,,,
319,Montreal,,20,21.35,,20,,,,,,,,,,,
320,Sherbrooke,,42,,,,,,,,,,,,,,
321,Sherbrooke,,14,,11,3,,,,,,,,,,,
322,Montreal,,10,30.7,4,6,,,,,,,,,,,
323,Montreal,48,48,14.63,25,23,,,,,,,,,,,
324,Montreal,,30,,,,,,,,,,,,,,
325,Sherbrooke,,1,,1,,,,,,,,,,,,
326,Montreal,5,,58,1,4,,,,,,,,,,,
327,Montreal,,16,23.87,7,9,,,,,,,,,,,
328,Montreal,12,12,24.8,6,6,,,,,,,,,,,
329,Montreal,12,,,6,6,,,,,,,,,,,
330,Montreal,,82,,,,,,,,,,,,,,
331,Montreal,,12,0.25,5,7,,,,,,,,,,,
332,Montreal,,20,21.2,8,12,,,,,,,,,,,
333,Montreal,,12,,,,,,,,,,,,,,
334,Sherbrooke,39,39,74,16,23,,,,,,,,,,,
335,Montreal,,15,,8,7,,,,,,,,,,,
336,Montreal,,30,31.9,15,15,25,,,,,5,,,,,
337,Montreal,,10,25.3,5,5,,,,,,,,,,,
338,Montreal,,24,27.25,24,,,,,,,,,,,,
339,Montreal,,3,53,2,1,,,,,,,,,,,
340,Montreal,,28,10.57,11,17,,,,,,,,,,,
341,Montreal,6,,58.6,2,4,,,,,,,,,,,
342,Montreal,,30,36.4,10,20,,,,,,,,,,,
343,Montreal,,63,,31,32,,,,,,,,,,,
344,Montreal,,88,20.25,39,49,,,,,,,,,,,
345,Montreal,,30,23.4,16,14,,,,,,,,,,,
346,Montreal,,144,7.06,79,65,,,,,,,,,,,
347,Montreal,,2,68.5,,2,,,,,,,,,,,
348,Montreal,,92,20.2,81,11,,,,,,,,,,,
349,Montreal,,22,23.6,11,11,,,,,,,,,,,
350,Montreal,25,25,22.67,15,10,,,,,,,,,,,
351,Montreal,,59,21.73,28,31,,,,,,,,,,,
352,Montreal,,23,23.87,9,14,,,,,,,,,,,
353,Montreal,33,33,27.66,33,,,,,,,,,,,,
354,Montreal,,7,,,,,,,,,,,,,,
355,Montreal,,28,42.3,19,9,,,,,,,,,,,
356,Sherbrooke,,14,24.33,,14,,,,,,,,,,,
357,Sherbrooke,,,73.5,6,9,,,,,,,,,,,
358,Montreal,12,12,23,6,6,,,,,,,,,,,
359,Montreal,,23,24.4,18,5,,,,,,,,,,,
360,Montreal,,18,21.2,,18,,,,,,,,,,,
361,Montreal,,13,22.05,,,,,,,,,,,,,
362,Montreal,,15,20.8,9,6,,,,,,,,,,,
363,Montreal,,108,36.1,50,58,,,,,,,,,,,
364,Quebec City,,8,28.79,7,7,,,,,,,,,,,
365,Montreal,,15,27.8,15,,,,,,,,,,,,
366,Montreal,31,31,43.4,18,13,,,,,,,,,,,
367,Quebec City,,19,40.8,7,12,,,,,,,,,,,
368,Montreal,,52,23.2,40,12,,,,,,,,,,,
369,Montreal,,11,25,3,8,,,,,,,,,,,
370,Sherbrooke,,22,,13,9,,,,,,,,,,,
371,Sherbrooke,25,25,71,10,15,,,,,,,,,,,
372,Montreal,10,10,23.7,8,2,,,,,,,,,,,
373,Montreal,43,43,,4,6,,,,,,,,,,,
374,Montreal,,26,1.27,7,19,,,,,,,,,,,
375,Montreal,7,,23,3,4,,,,,,,,,,,
376,Montreal,,11,27,6,6,,,,,,,,,,,
377,Montreal,,39,73.1,15,24,,,,,,,,,,,
378,Montreal,,72,50.92,,72,,,,,,,,,,,
379,Montreal,,24,27.06,16,8,,,,,,,,,,,
380,Montreal,,62,25.5,29,33,,,,,,,,,,,
381,Montreal,,24,24,13,11,,,,,,,,,,,
382,Montreal,,40,67.63,17,23,,,,,,,,,,,
383,Montreal,,48,6.45,,,,,,,,,,,,,
384,Montreal,,37,4.86,19,18,,,,,,,,,,,
385,Montreal,,27,,14,13,,,,,,,,,,,
386,Quebec City,18,18,45.45,7,11,,,,,,,,,,,
387,Sherbrooke,10,10,73,4,6,,,,,,,,,,,
388,Montreal,,18,24.2,4,14,,,,,,,,,,,
389,Sherbrooke,10,,35,6,4,,,,,,,,,,,
390,Montreal,,51,30,25,26,,,,,,,,,,,
391,Montreal,,9,,5,4,,,,,,,,,,,
392,Montreal,,8,30.95,7,1,,,,,,,,,,,
393,Montreal,,30,31.8,15,15,25,,,,,,,,,,
394,Montreal,,28,33.33,12,16,,,,,,,,,,,
395,Montreal,,3,24,,3,,,,,,,,,,,
396,Montreal,,82,20.27,33,49,,,,,,,,,,,
397,Montreal,,184,34,81,102,,,,,,,,,,,
398,Montreal,,15,24.9,5,10,,,,,,,,,,,
399,Montreal,,4,32,2,2,,,,,,,,,,,
400,Montreal,,10,65.9,,,,,,,,,,,,,
401,Montreal,,6,,4,2,,,,,,,,,,,
402,Montreal,38,38,21.1,,,,,,,,,,,,,
403,Montreal,,7,34,6,1,,,,,,,,,,,
404,Montreal,,2,36,1,1,,,,,,,,,,,
405,Montreal,,37,73.11,15,22,,,,,,,,,,,
406,Quebec City,,18,25.2,8,10,,,,,,,,,,,
407,Montreal,,25,22,16,9,,,,,,,,,,,
408,Montreal,,24,26.65,,,,,,,,,,,,,
409,Montreal,,71,,,5,,,,,,,,,,,
410,Montreal,,48,23,32,16,,,,,,,,,,,
411,Montreal,,83,29.5,44,39,,,,,,,,,,,
412,Montreal,,20,25.15,12,8,,,,,,,,,,,
413,Montreal,,87,19.95,35,52,,,,,,,,,,,
414,Montreal,,38,68.01,16,22,,,,,,,,,,,
415,Sherbrooke,,126,60.5,80,46,,,,,,,,,,,
416,Montreal,,38,,18,20,,,,,,,,,,,
417,Montreal,,9,,9,,,,,,,,,,,,
418,Montreal,,30,44,21,9,,,,,,,,,,,
419,Montreal,,7,> 0.5,,,,,,,,,,,,,
420,Montreal,,48,21.9,24,24,,,,,,,,,,,
421,Montreal,,12,27.6,9,3,,,,,,,,,,,
422,Montreal,,32,17.19,22,10,,,,,,,,,,,
423,Montreal,,26,61.1,16,10,,,,,,,,,,,
424,Montreal,,18,21.5,9,9,,,,,,,,,,,
425,Montreal,,24,,11,13,,,,,,,,,,,
426,Montreal,,6,28,4,2,,,,,,,,,,,
427,Montreal,,6,,3,3,,,,,,,,,,,
428,Montreal,,43,34.78,18,25,,,,,,,,,,,
429,Montreal,9,9,27,9,0,,,,,,,,,,,
430,Quebec City,,10,81,6,4,,,,,,,,,,,
431,Montreal,,26,42.2,8,18,,,,,,,,,,,
432,Montreal,,16,0.74,12,4,,,,,,,,,,,
433,Montreal,,70,52.3,33,37,,,,,,,,,,,
434,Montreal,29,29,28.3,15,14,,,,,,,,,,,
435,Montreal,,82,68,44,38,,,,,,,,,,,
436,Montreal,,135,20.2,57,78,,,,,,,,,,,
437,Montreal,,24,26.65,,,,,,,,,,,,,
438,Montreal,,66,27,29,37,,,,,,,,,,,
439,Quebec City,,23,65.6,9,3,,,,,,,,,,,
440,Montreal,,12,24,4,8,,,,,,,,,,,
441,Montreal,,12,30.5,7,5,,,,,,,,,,,
442,Montreal,,12,25.8,6,6,,,,,,,,,,,
443,Montreal,,89,40.05,38,51,,,,,,,,,,,
444,Montreal,,22,69.77,5,17,,,,,,,,,,,
445,Montreal,14,14,41,7,7,,,,,,,,,,,
446,Montreal,,28,23,28,,,,,,,,,,,,
447,Montreal,,37,66.19,19,18,,,,,,,,,,,
448,Montreal,,13,23.6,10,3,,,,,,,,,,,
449,Montreal,,2,24,,2,,,,,,,,,,,
450,Montreal,,56,48.7,,56,,,,,,,,,,,
451,Montreal,,30,,,,,,,,,,,,,,
452,Montreal,,100,35.1,45,55,,,,,,,,,,,
453,Montreal,,30,,11,19,,,,,,,,,,,
454,Montreal,,16,,2,14,,,,,,,,,,,
455,Sherbrooke,,20,36,4,16,,,,,,,,,,,
456,Quebec City,,90,33.68,56,34,,,,,,,,,,,
457,Montreal,,30,21.75,16,14,,,,,,,,,,,
458,Montreal,,31,74.13,,,,,,,,,,,,,
459,Montreal,,10,29,5,5,,,,,,,,,,,
460,Montreal,,86,31.16,42,44,,,,,,,,,,,
461,Montreal,,33,27.66,33,,,,,,,,,,,,
462,Montreal,,52,40.7,27,25,,,,,,,,,,,
463,Montreal,,8,66.5,4,4,,,,,,,,,,,
464,Montreal,50,50,46.8,25,25,,,,,,,,,,,
465,Montreal,,19,46.5,13,6,,,,,,,,,,,
466,Montreal,,31,29.24,,,,,,,,,,,,,
467,Sherbrooke,,39,36.6,8,31,,,,,,,,,,,
468,Montreal,,22,37.5,14,8,,,,,,,,,,,
469,Montreal,,19,,7,12,,,,,,,,,,,
470,Montreal,,40,,17,21,,,,,,,,,,,
471,Montreal,,57,24.91,31,26,,,,,,,,,,,
472,Montreal,,25,25.8,12,13,,,,,,,,,,,
473,Montreal,,59,18.5,30,29,57,,,,,,,,1,,1
474,Montreal,5,5,22,3,2,,,,,,,,,,,
475,Montreal,,94,75.95,,,,,,,,,,,,,
476,Montreal,,49,21.9,24,25,,,,,,,,,,,
477,Montreal,,20,21.53,20,,,,,,,,,,,,
478,Montreal,9,18,27.1,11,7,,,,,,,,,,,
479,Montreal,,14,23.4,8,6,,,,,,,,,,,
480,Montreal,,10,,4,6,,,,,,,,,,,
481,Montreal,,15,35,1,14,,,,,,,,,,,
482,Montreal,,22,,,,,,,,,,,,,,
483,Montreal,,51,62,31,20,,,,,,,,,,,
484,Montreal,,38,40.7,13,25,,,,,,,,,,,
485,Montreal,,14,21.1,14,,,,,,,,,,,,
486,Montreal,,12,35.2,8,4,,,,,,,,,,,
487,Montreal,,136,9.22,92,44,116,,,,,,,,,,
488,Montreal,,438,8.3,,,438,,,,,,,,,,
489,Montreal,,61,27.92,33,28,,,,,,,,,,,
490,Montreal,,19,38.7,15,4,,,,,,,,,,,
491,Montreal,,61,33.8,25,36,,,,,,,,,,,
492,Sherbrooke,,51,60,31,20,,,,,,,,,,,
493,Montreal,10,10,23,5,5,,,,,,,,,,,
494,Montreal,,42,33.95,19,23,,,,,,,,,,,
495,Montreal,,26,22.71,12,14,,,,,,,,,,,
496,Montreal,12,,23,12,,,,,,,,,,,,
497,Montreal,,10,26,5,5,,,,,,,,,,,
498,Montreal,,16,67,10,6,,,,,,,,,,,
499,Quebec City,,79,45.3,20,59,,,,,,,,,,,
500,Montreal,,25,29.4,9,16,,,,,,,,,,,
501,Montreal,,25,33,13,12,,,,,,,,,,,
502,Montreal,,12,25,8,4,,,,,,,,,,,
503,Montreal,,23,,,,,,,,,,,,,,
504,"Montreal, Sherbrooke, Quebec City",,166,72.3,76,90,,,,,,,,,,,
505,Montreal,,15,,,,,,,,,,,,,,
506,Montreal,,25,32.08,16,9,,,,,,,,,,,
507,Montreal,,56,24.47,19,37,,,,,,,,,,,
508,Montreal,,62,43.47,38,24,,,,,,,,,,,
509,Montreal,19,19,30,10,9,,,,,,,,,,,
510,Montreal,,17,22.6,4,13,,,,,,,,,,,
511,Montreal,,8,,7,1,,,,,,,,,,,
512,Montreal,,46,24,18,28,,,,,,,,,,,
513,Montreal,,12,40.7,6,6,,,,,,,,,,,
514,Montreal,,55,21.88,28,27,,,,,,,,,,,
515,Montreal,,46,22.76,,46,,,,,,,,,,,
516,Montreal,,4,37.5,,4,,,,,,,,,,,
517,Montreal,,54,14.9,34,20,,,,,,,,,,,
518,Montreal,,22,29,15,7,,,,,,,,,,,
519,Montreal,,82,64.2,50,32,,,,,,,,,,,
520,Montreal,,46,24,19,27,,,,,,,,,,,
521,Montreal,10,,24.2,4,6,,,,,,,,,,,
522,Montreal,,20,,10,10,,,,,,,,,,,
523,Montreal,,9,33.9,6,3,,,,,,,,,,,
524,Quebec City,,16,50,11,5,,,,,,,,,,,
525,Montreal,,13,25.35,6,7,,,,,,,,,,,
526,Montreal,,30,36.1,21,9,,,,,,,,,,,
527,Montreal,8,8,24,3,5,,,,,,,,,,,
528,Montreal,,12,25.12,,,,,,,,,,,,,
529,Montreal,,4,,2,2,,,,,,,,,,,
530,Montreal,,54,35.3,22,32,,,,,,,,,,,
531,Montreal,10,,22.2,,10,,,,,,,,,,,
532,Montreal,,45,67.96,12,33,,,,,,,,,,,
533,Sherbrooke,39,39,74.6,18,21,,,,,,,,,,,
534,Montreal,,28,22.5,28,,,,,,,,,,,,
535,Montreal,,43,30,20,23,,,,,,,,,,,
536,Montreal,,20,,,,,,,,,,,,,,
537,Montreal,,40,32.2,22,18,,,,,,,,,,,
538,Montreal,,115,23.6,78,37,,,,,,,,,,,
539,Montreal,,15,22.6,9,6,,,,,,,,,,,
540,Montreal,,30,,9,21,,,,,,,,,,,
541,Montreal,,62,10.46,28,34,,,,,,,,,,,
542,Montreal,22,22,,,,,,,,,,,,,,
543,Montreal,,15,32.13,12,3,,,,,,,,,,,
544,Montreal,,10,25.3,5,5,,,,,,,,,,,
545,Montreal,,76,,36,40,,,,,,,,,,,
546,Montreal,,5,25.2,4,1,,,,,,,,,,,
547,Montreal,,25,26.95,,,,,,,,,,,,,
548,Montreal,,7,21.1,2,5,,,,,,,,,,,
549,Montreal,,28,44.3,28,,26,,,,2,,,,,,
550,Montreal,,56,24.5,19,37,,,,,,,,,,,
551,Montreal,,8,,7,1,,,,,,,,,,,
552,Montreal,12,12,22.6,12,,,,,,,,,,,,
553,Montreal,,,,,,,,,,,,,,,,
554,Montreal,,36,29.9,,,,,,,,,,,,,
555,Montreal,,20,22.5,,,,,,,,,,,,,
556,Montreal,,65,32.7,,,,,,,,,,,,,
557,Montreal,,,0.64,,,,,,,,,,,,,
558,Montreal,,19,,13,6,,,,,,,,,,,
559,Montreal,6,6,,,,,,,,,,,,,,
560,Montreal,,29,28.9,14,15,,,,,,,,,,,
561,Montreal,,,25.75,,,,,,,,,,,,,
562,Montreal,,20,25.5,11,9,,,,,,,,,,,
563,Sherbrooke,,53,60,33,20,,,,,,,,,,,
564,Montreal,,27,28.8,10,17,,,,,,,,,,,
565,Montreal,21,21,61.5,17,4,,,,,,,,,,,
566,Sherbrooke,,171,11.33,104,67,,,,,,,,,,,
567,Saguenay Lac St. Jean,,378,15.7,132,246,,,,,,,,,,,
568,Montreal,,40,25.25,23,17,,,,,,,,,,,
569,Montreal,,36,43,22,14,,,,,,,,,,,
570,Montreal,,14,25.6,7,7,,,,,,,,,,,
571,Montreal,,15,22.6,9,6,,,,,,,,,,,
572,Montreal,,1,26,,1,,,,,,,,,,,
573,Montreal,20,28,22,18,10,,,,,,,,,,,
574,Montreal,,24,22.08,17,7,,,,,,,,,,,
575,Montreal,,29,30.3,13,16,,,,,,,,,,,
576,Montreal,,53,62.2,32,21,,,,,,,,,,,
577,Montreal,,69,26.7,50,19,,,,,,,,,,,
578,Montreal,18,,25.6,18,,,,,,,,,,,,
579,Montreal,,12,,4,8,,,,,,,,,,,
580,Montreal,,30,60.4,19,11,,,,,,,,,,,
581,Montreal,,12,23.6,6,6,,,,,,,,,,,
582,Montreal,,22,,,,,,,,,,,,,,
583,Montreal,,9,24.9,4,5,,,,,,,,,,,
584,Montreal,,40,33.7,14,26,,,,,,,,,,,
585,Montreal,,15,23.4,9,6,,,,,,,,,,,
586,Montreal,,73,34.56,50,23,,,,,,,,,,,
587,Montreal,,14,40,6,8,,,,,,,,,,,
588,Montreal,45,,51.6,23,11,,,,,,,,,,,
589,Montreal,,18,54.9,6,12,,,,,,,,,,,
590,Montreal,10,10,,,,,,,,,,,,,,
591,Montreal,,60,43.3,23,37,,,,,,,,,,,
592,Montreal,,14,22.6,7,7,,,,,,,,,,,
593,Montreal,,11,63.9,7,4,,,,,,,,,,,
594,Montreal,,9,,7,2,,,,,,,,,,,
595,Montreal,,42,34.54,29,13,,,,,,,,,,,
596,Montreal,,18,25,12,,,,,,,,,,,,
597,Montreal,,12,29.8,6,6,,,,,,,,,,,
598,Montreal,,5,31,3,2,,,,,,,,,,,
599,Montreal,,68,25,29,39,,,,,,,,,,,
600,Montreal,,24,21.34,7,17,,,,,,,,,,,
601,Quebec City,,32,67.5,22,10,,,,,,,,,,,
602,Montreal,12,12,39.5,10,2,,,,,,,,,,,
603,Montreal,,22,23.8,12,10,,,,,,,,,,,
604,Montreal,,98,20.3,41,57,,,,,,,,,,,
605,Montreal,18,,24.65,11,7,,,,,,,,,,,
606,Montreal,,6,,2,4,,,,,,,,,,,
607,Montreal,,17,25,9,8,,,,,,,,,,,
608,Quebec City,,52,79,33,19,,,,,,,,,,,
609,Montreal,,12,,,,,,,,,,,,,,
610,Montreal,,37,26.19,15,22,,,,,,,,,,,
611,Montreal,,46,24.5,18,28,,,,,,,,,,,
612,Montreal,,66,,,,,,,,,,,,,,
613,Montreal,,14,26,,9,,,,,,,,,,,
614,Montreal,9,9,25.6,,9,,,,,,,,,,,
615,Sherbrooke,,94,64.9,,,,,,,,,,,,,
616,Montreal,,19,27.63,7,12,,,,,,,,,,,
617,Montreal,,53,32.35,34,19,,,,,,,,,,,
618,Montreal,,24,22.5,24,,,,,,,,,,,,
619,Montreal,,60,63.4,88,19,,,,,,,,,,,
620,Montreal,,15,24,6,9,,,,,,,,,,,
621,Montreal,,9,,,,,,,,,,,,,,
622,Montreal,,26,0.74,16,10,,,,,,,,,,,
623,Montreal,,15,31.3,,,,,,,,,,,,,
624,Montreal,15,15,,,,,,,,,,,,,,
625,Montreal,,13,24.3,6,7,,,,,,,,,,,
626,Montreal,,68,32.3,34,34,,,,,,,,,,,
627,Montreal,,,64.4,,,,,,,,,,,,,
628,Montreal,,38,36.6,26,12,,,,,,,,,,,
629,Montreal,9,9,,,,,,,,,,,,,,
630,Montreal,,7,,7,0,,,,,,,,,,,
631,Montreal,,60,43.3,22,38,,,,,,,,,,,
632,Montreal,10,10,22,5,5,,,,,,,,,,,
633,Montreal,,15,,5,10,,,,,,,,,,,
634,Montreal,,5,,,,,,,,,,,,,,
635,Montreal,,20,48.4,10,10,,,,,,,,,,,
636,Montreal,,28,20.95,28,,,,,,,,,,,,
637,Montreal,11,11,23.4,,11,,,,,,,,,,,
638,Montreal,,55,24.1,21,34,,,,,,,,,,,
639,Montreal,,14,26.5,7,7,,,,,,,,,,,
640,Montreal,6,,24,6,,,,,,,,,,,,
641,Montreal,,54,30.85,30,24,,,,,,,,,,,
642,Montreal,,12,26,7,5,,,,,,,,,,,
643,Montreal,,27,23.3,10,17,,,,,,,,,,,
644,Montreal,,16,22.63,7,9,,,,,,,,,,,
645,Montreal,,24,61.8,15,9,,,,,,,,,,,
646,Montreal,,20,,7,13,,,,,,,,,,,
647,Montreal,15,15,24,6,9,,,,,,,,,,,
648,Montreal,12,,,6,6,,,,,,,,,,,
649,Montreal,,88,29.2,28,26,,,,,,,,,,,
650,Montreal,,62,14.8,35,27,,,,,,,,,,,
651,Montreal,,119,24.28,48,71,,,,,,,,,,,
652,Montreal,,61,41.34,29,32,,,,,,,,,,,
653,Montreal,,36,37.5,28,8,,,,,,,,,,,
654,Montreal,,13,,,,,,,,,,,,,,
655,Montreal,,66,33.08,66,,,,,,,,,,,,
656,Montreal,,20,21.6,8,12,,,,,,,,,,,
657,Montreal,5,,25.4,3,2,,,,,,,,,,,
658,Montreal,,15,,,,,,,,,,,,,,
659,Montreal,6,6,31.7,3,3,,,,,,,,,,,
660,Longueuil,,356,65.5,209,147,,,,,,,,,,,
661,Montreal,,35,55.5,13,22,,,,,,,,,,,
662,Montreal,,10,26,10,,,,,,,,,,,,
663,Montreal,,48,8.33,23,25,48,,,,,,,,,,
664,Montreal,,62,33,30,32,,,,,,,,,,,
665,Montreal,,39,37.55,30,9,,,,,,,,,,,
666,Montreal,8,8,29.69,2,6,,,,,,,,,,,
667,Montreal,,96,20.32,40,46,,,,,,,,,,,
668,Montreal,17,17,51,,,,,,,,,,,,,
670,Montreal,12,12,25,12,,,,,,,,,,,,
671,Montreal,,21,30,,,,,,,,,,,,,
672,Montreal,,28,43.15,13,15,,,,,,,,,,,
673,Montreal,,37,24.23,26,11,,,,,,,,,,,
674,Montreal,,92,15.9,19,73,,,,,,,,,,,
675,Montreal,,50,62.28,26,24,,,,,,,,,,,
676,Montreal,,56,30.6,32,24,,,,,,,,,,,
677,Montreal,,68,47,26,42,,,,,,,,,,,
678,Montreal,,24,40.1,12,12,,,,,,,,,,,
679,Montreal,,236,31.5,117,119,,,,,,,,,,,
680,Montreal,,2,33,1,1,,,,,,,,,,,
681,Montreal,,170,40.995,88,82,170,,,,,,,,,,
682,Montreal,,26,38.2,18,8,,,,,,,,,,,
683,Montreal,,98,28.9,46,52,,,,,,,,,,,
684,Montreal,,19,,,,,,,,,,,,,,
685,Montreal,14,14,,,,,,,,,,,,,,
686,Montreal,,82,29.8,34,48,,,,,,,,,,,
687,Montreal,,28,25.3,12,16,,,,,,,,,,,
688,Montreal,,,24.4,,,,,,,,,,,,,
689,Montreal,,75,,,,,,,,,,,,,,
690,Montreal,,56,33.6,23,33,,,,,,,,,,,
691,Montreal,,3,30,2,1,,,,,,,,,,,
692,Montreal,,13,27.4,6,7,,,,,,,,,,,
693,Sherbrooke,,43,62.3,,,,,,,,,,,,,
694,Montreal,,28,,,,,,,,,,,,,,
695,Montreal,,,42,,,,,,,,,,,,,
696,Montreal,,,26,,,,,,,,,,,,,
697,Montreal,,,,,,,,,,,,,,,,
698,Montreal,,10,24.3,5,5,,,,,,,,,,,
699,Montreal,,31,36.9,20,11,,,,,,,,,,,
700,Montreal,,71,18.24,18,53,,,,,,,,,,,
701,Montreal,,86,39.7,40,46,,,,,,,,,,,
702,Montreal,,109,37,40,69,,,,,,,,,,,
703,Montreal,,41,63.1,21,20,,,,,,,,,,,
704,Montreal,50,50,38.3,24,26,,,,,,,,,,,
705,Sherbrooke,,7,,5,2,,,,,,,,,,,
706,Montreal,,38,22.46,,,,,,,,,,,,,
707,Montreal,11,11,63.36,7,4,,,,,,,,,,,
708,Montreal,,21,23.6,8,13,,,,,,,,,,,
709,Montreal,,10,,4,6,,,,,,,,,,,
710,Montreal,,6,49.7,,6,,,,,,,,,,,
711,Sherbrooke,,22,52.5,17,5,,,,,,,,,,,
712,Montreal,,13,,7,6,,,,,,,,,,,
713,Sherbrooke,,40,61.5,23,17,,,,,,,,,,,
714,Montreal,,24,26.04,13,11,,,,,,,,,,,
715,Montreal,,11,48.8,6,5,,,,,,,,,,,
716,Montreal,,56,,34,22,,,,,,,,,,,
717,Montreal,,20,27,10,10,,,,,,,,,,,
718,Montreal,,22,38,11,11,,,,,,,,,,,
719,Montreal,,204,24.2,139,65,,,,,,,,,,,
720,Montreal,,33,10.38,23,10,,,,,,,,,,,
721,Montreal,,88,24.3,62,26,,,,,,,,,,,
722,Montreal,,29,,18,11,,,,,,,,,,,
723,Montreal,,26,62.32,12,14,,,,,,,,,,,
724,Sherbrooke,,9,,,,,,,,,,,,,,
725,Montreal,,17,24.3,7,11,,,,,,,,,,,
726,Montreal,,,52.3,133,113,,,,,,,,,,,
727,Montreal,,11,62.36,6,5,,,,,,,,,,,
728,Montreal,,24,44,12,12,,,,,,,,,,,
729,Montreal,,28,43.75,13,15,,,,,,,,,,,
730,Montreal,,36,,6,30,,,,,,,,,,,
731,Montreal,,19,66,9,10,,,,,,,,,,,
732,"Trois-Rivières, Drummondville",,5,81.6,3,2,,,,,,,,,,,
733,Montreal,,20,,5,15,,,,,,,,,,,
734,Montreal,,,36,,,,,,,,,,,,,
735,Montreal,,20,30.5,8,12,,,,,,,,,,,
736,Montreal,,28,33,14,14,,,,,,,,,,,
737,Montreal,,23,14.1,16,7,,,,,,,,,,,
738,Montreal,,10,25.8,10,,,,,,,,,,,,
739,Montreal,,20,23.7,20,,,,,,,,,,,,
740,Montreal,,25,5.85,9,16,14,,,,,2,,,,,
741,Montreal,,80,23.9,58,22,,,,,,,,,,,
742,Montreal,,139,24.4,98,41,,,,,,,,,,,
743,Montreal,,30,34.2,20,10,,,,,,,,,,,
744,Montreal,63,,54,13,50,,,,,,,,,,,
745,Montreal,,38,10,17,21,,,,,,,,,,,
746,Montreal,,40,,,,,,,,,,,,,,
747,Montreal,,31,0.014,17,14,,,,,,,,,,,
748,Montreal,,12,28.8,6,6,,,,,,,,,,,
749,Montreal,,7,33.1,2,5,,,,,,,,,,,
750,Montreal,,11,73.7,,,,,,,,,,,,,
751,Montreal,,28,21.62,,,,,,,,,,,,,
752,Montreal,,10,29,5,5,,,,,,,,,,,
753,Montreal,506,,69,266,240,,,,,,,,,,,
754,Montreal,,23,26.22,11,12,,,,,,,,,,,
755,Montreal,,10,29,5,5,,,,,,,,,,,
756,Montreal,,44,,,,,,,,,,,,,,
757,Montreal,,30,34.85,23,7,,,,,,,,,,,
758,Montreal,,74,,,,,,,,,,,,,,
759,Montreal,,46,,21,25,,,,,,,,,,,
760,Montreal,,22,,9,23,,,,,,,,,,,
761,Montreal,15,,23,,15,,,,,,,,,,,
762,Montreal,,46,57.5,15,31,,,,,,,,,,,
763,Montreal,,16,,,,,,,,,,,,,,
764,Montreal,12,12,24,,12,,,,,,,,,,,
765,Montreal,,21,,,,,,,,,,,,,,
766,Montreal,12,12,24.1,6,6,,,,,,,,,,,
767,Montreal,,9,51,2,7,,,,,,,,,,,
768,Montreal,,219,32.5,101,118,,,,,,,,,,,
769,Montreal,,23,28,13,10,,,,,,,,,,,
770,Montreal,8,8,23.1,8,,,,,,,,,,,,
771,Montreal,,57,23.9,,,,,,,,,,,,,
772,Montreal,,8,30,4,4,,,,,,,,,,,
773,Montreal,,99,32,47,52,,,,,,,,,,,
774,Montreal,,6,47,1,5,,,,,,,,,,,
775,Montreal,,20,42.3,7,13,,,,,,,,,,,
776,Montreal,,198,0.75,115,83,,,,,,,,,,,
777,Montreal,,40,33.5,21,19,,,,,,,,,,,
778,Montreal,15,,34.4,11,4,,,,,,,,,,,
779,Montreal,,17,31.9,,,,,,,,,,,,,
780,Montreal,,51,31.5,25,36,,,,,,,,,,,
781,Montreal,,28,,,,,,,,,,,,,,
782,Montreal,,20,35,10,10,,,,,,,,,,,
783,Montreal,,33,,18,15,,,,,,,,,,,
784,Montreal,,21,37,9,12,,,,,,,,,,,
785,Montreal,,324,35,141,183,,,,,,,,,,,
786,Montreal,26,,36.8,19,7,,,,,,,,,,,
787,Montreal,8,8,23.8,8,,,,,,,,,,,,
788,Montreal,,136,8.3,,65,,,,,,,,,,,
789,Montreal,,6,25.2,4,2,,,,,,,,,,,
790,Montreal,,21,29,12,9,,,,,,,,,,,
791,Montreal,,10,,3,7,,,,,,,,,,,
792,Montreal,,20,10.2,16,4,,,,,,,,,,,
793,Montreal,,10,39.1,,,,,,,,,,,,,
794,Montreal,,14,9.8,,14,,,,,,,,,,,
795,Montreal,15,15,,10,5,,,,,,,,,,,
796,Montreal,,2,,,,,,,,,,,,,,
797,Montreal,,14,9.9,,14,14,,,,,,,,,,
798,Montreal,,64,,40,24,,,,,,,,,,,
799,Montreal,,20,24.3,,20,20,,,,,,,,,,
800,Montreal,,10,,,,,,,,,,,,,,
801,Montreal,,17,31.38,13,4,,,,,,,,,,,
802,Montreal,,44,34.2,,,,,,,,,,,,,
803,Montreal,,30,26.8,15,15,,,,,,,,,,,
804,Montreal,,33,31.45,20,13,,,,,,,,,,,
805,Montreal,,14,48.7,6,8,,,,,,,,,,,
806,Montreal,,50,35.5,31,19,,,,,,,,,,,
807,Montreal,,8,30,3,5,,,,,,,,,,,
808,Montreal,,52,31.8,27,25,,,,,,,,,,,
809,Montreal,,16,25.4,8,8,,,,,,,,,,,
810,Montreal,,34,25.7,,,34,,,,,,,,,,
811,Montreal,,6,,4,2,6,,,,,,,,,,
812,Montreal,,10,24.7,5,5,,,,,,,,,,,
813,Montreal,,3,,,,,,,,,,,,,,
814,Montreal,,6,,,,,,,,,,,,,,
815,Montreal,,81,26.5,43,38,,,,,,,,,,,
816,Montreal,,12,15.7,,12,,,,,,,,,,,
817,Montreal,,5,35.2,3,2,,,,,,,,,,,
818,Montreal,18,18,66.6,12,6,,,,,,,,,,,
819,Montreal,,10,,,,,,,,,,,,,,
820,Montreal,,28,,10,18,,,,,,,,,,,
821,Montreal,,71,22.7,35,36,,,,,,,,,,,
822,Montreal,,152,33,63,89,,,,,,,,,,,
823,Montreal,,72,,36,36,,,,,,,,,,,
824,Quebec City,,19,28.84,16,3,,,,,,,,,,,
825,Montreal,,16,30.45,8,8,,,,,,,,,,,
826,Montreal,,42,29.97,17,25,,,,,,,,,,,
827,Montreal,,69,32.7,33,36,,,,,,,,,,,
828,Montreal,,33,10.59,13,20,,,,,,,,,,,
829,Quebec City,,149,53,42,107,,,,,,,,,,,
830,Montreal,,23,12.2,9,14,,,,,,,,,,,
831,Montreal,10,10,,,,,,,,,,,,,,
832,Estrie,,34,51,,,,,,,,,,,,,
833,Montreal,,25,10.3,13,12,,,,,,,,,,,
834,Montreal,60,56,43.5,24,36,,,,,,,,,,,
835,Quebec City,,,,,,,,,,,,,,,,
836,Montreal,,74,,38,36,,,,,,,,,,,
837,Montreal,,62,,21,41,,,,,,,,,,,
838,Montreal,,2,,,2,,,,,,,,,,,
839,Montreal,,6,30.5,3,3,,,,,,,,,,,
840,Montreal,,8,30.5,4,4,,,,,,,,,,,
841,Montreal,12,12,45,,,,,,,,,,,,,
842,Montreal,4,21,43.8,10,11,,,,,,,,,,,
843,Montreal,9,9,58.3,5,4,,,,,,,,,,,
844,Montreal,,27,,,,,,,,,,,,,,
845,Montreal,,14,67.3,,,,,,,,,,,,,
846,Montreal,,84,,,,,,,,,,,,,,
847,Montreal,,34,23.4,16,18,,,,,,,,,,,
848,Montreal,14,14,58.5,,,,,,,,,,,,,
849,Montreal,,54,,,,,,,,,,,,,,
850,Montreal,,172,,,,,,,,,,,,,,
851,Sherbrooke,,65,≥ 0.69,,,,,,,,,,,,,
852,Montreal,,23,22.7,10,13,,,,,,,,,,,
853,Montreal,,11,24.73,6,5,,,,,,,,,,,
854,Montreal,,22,22.6,,,,,,,,,,,,,
855,Montreal,,30,,,,,,,,,,,,,,
856,Montreal,,25,,13,12,,,,,,,,,,,
857,Montreal,,20,48.5,,20,,,,,,,,,,,
858,Montreal,,21,24.5,8,13,,,,,,,,,,,
859,Montreal,,84,28,40,44,,,,,,,,,,,
860,Montreal,,31,23.9,10,21,,,,,,,,,,,
861,Montreal,,11,26.5,,,,,,,,,,,,,
862,Montreal,,12,23.5,5,7,,,,,,,,,,,
863,Montreal,10,10,26.6,10,0,,,,,,,,,,,
864,Montreal,,49,66.04,20,29,,,,,,,,,,,
865,Montreal,,37,25,19,18,,,,,,,,,,,
866,Montreal,,12,24.1,5,7,,,,,,,,,,,
867,Montreal,,15,,9,6,,,,,,,,,,,
868,Montreal,,13,24.5,13,,,,,,,,,,,,
869,Montreal,,11,26.9,3,8,,,,,,,,,,,
870,Montreal,,35,33,17,18,,,,,,,,,,,
871,Montreal,,4,,1,3,,,,,,,,,,,
872,Montreal,,15,29,7,8,,,,,,,,,,,
873,Montreal,,66,66.1,28,38,,,,,,,,,,,
874,Montreal,,10,,,,,,,,,,,,,,
875,Montreal,,45,64.38,22,23,,,,,,,,,,,
876,Montreal,,36,41.2,,,,,,,,,,,,,
877,Montreal,12,12,23.3,5,7,,,,,,,,,,,
878,Montreal,,52,,24,28,,,,,,,,,,,
879,Montreal,,18,,,,,,,,,,,,,,
880,Montreal,120,,63.5,31,89,,,,,,,,,,,
881,Montreal,12,12,22,6,6,,,,,,,,,,,
882,Montreal,,212,33,96,116,,,,,,,,,,,
883,Montreal,,8,39,,,,,,,,,,,,,
884,Montreal,,88,26,37,51,,,,,,,,,,,
885,Montreal,,24,28.8,12,12,,,,,,,,,,,
886,Montreal,,101,34,55,46,,,,,,,,,,,
887,Montreal,,184,34.5,79,105,,,,,,,,,,,
888,Montreal,,9,24.11,4,5,,,,,,,,,,,
889,Montreal,,120,,,,,,,,,,,,,,
890,Montreal,,41,28,16,25,,,,,,,,,,,
891,Montreal,,16,,,,,,,,,,,,,,
892,Montreal,,37,28.5,13,24,,,,,,,,,,,
893,Montreal,,,38,,,,,,,,,,,,,
894,Montreal,,28,28,11,25,,,,,,,,,,,
895,Montreal,,10,62.5,8,2,,,,,,,,,,,
896,Montreal,,27,24.85,14,13,,,,,,,,,,,
897,Montreal,,43,,,,,,,,,,,,,,
898,Montreal,,19,22.5,23,,,,,,,,,,,,
899,Montreal,,38,70.2,16,22,,,,,,,,,,,
900,Montreal,,21,25.24,11,10,,,,,,,,,,,
901,Montreal,,,,,,,,,,,,,,,,
902,Montreal,,33,,11,22,,,,,,,,,,,
903,Montreal,,3,,,,,,,,,,,,,,
904,Montreal,,16,24.4,8,8,,,,,,,,,,,
905,Montreal,,30,32.5,18,12,,,,,,,,,,,
906,Montreal,7,7,29,4,3,,,,7,,,,,,,
907,Montreal,24,,,12,12,,,,12,,12,,,,,
908,Montreal,,30,14.2,15,15,,,,,,,,,,,
909,Montreal,,10,22,5,5,,,,,,,,,,,
910,Montreal,,175,35,79,56,,,,,,,,,,,
911,Montreal,,81,60.8,56,25,,,,,,,,,,,
912,Montreal,,14,,5,9,,,,,,,,,,,
913,Montreal,,22,29,10,12,,,,,,,,,,,
914,Montreal,,10,,,,,,,,,,,,,,
915,Montreal,12,12,35.1,6,6,,,,,,,,,,,
916,Montreal,,16,,,,,,,,,,,,,,
917,Montreal,,59,25.4,20,39,,,,,,,,,,,
918,Montreal,,29,29.5,11,18,,,,,,,,,,,
919,Montreal,,38,75.8,21,17,,,,,,,,,,,
920,Montreal,,25,24.8,12,13,,,,,,,,,,,
921,Montreal,,46,57,14,32,,,,,,,,,,,
922,Montreal,,10,,6,4,,,,,,,,,,,
923,Montreal,,25,27.4,15,10,,,,,,,,,,,
924,Montreal,,20,25.5,20,0,,,,,,,,,,,
925,Montreal,,8,,,,,,,,,,,,,,
926,Montreal,,19,64,12,7,,,,,,,,,,,
927,Montreal,,6,,4,2,,,,,,,,,,,
928,Montreal,,11,,6,5,,,,,,,,,,,
929,Montreal,,40,24.5,20,20,,,,,,,,,,,
930,Montreal,,25,27.4,15,10,,,,,,,,,,,
931,Montreal,,45,76,24,21,,,,,,,,,,,
932,Montreal,,4,,1,3,4,,,,,,,,,,
933,Montreal,,15,28.3,2,13,,,,,,,,,,,
934,Montreal,,,65.7,,,,,,,,,,,,,
935,Quebec City,,8,11.4,4,4,,,,,,,,,,,
936,Montreal,,9,62,5,4,,,,,,,,,,,
937,Montreal,,42,38.5,,,,,,,,,,,,,
938,Montreal,,19,,10,9,,,,,,,,,,,
939,Montreal,,8,68.75,5,3,,,,,,,,,,,
940,Montreal,,9,26,4,5,,,,,,,,,,,
941,Montreal,,28,,14,14,,,,,,,,,,,
942,Montreal,,51,,10,41,,,,,,,,,,,
943,Montreal,,28,,13,15,,,,,,,,,,,
944,Montreal,,20,,9,11,,,,,,,,,,,
945,Montreal,,10,68.9,7,3,,,,,,,,,,,
946,Montreal,,21,23.33,9,12,,,,,,,,,,,
947,Montreal,,11,27,7,4,,,,,,,,,,,
948,Montreal,,12,33,3,9,,,,,,,,,,,
949,Montreal,,20,37,5,15,,,,,,,,,,,
950,"Montreal, Sherbrooke",,114,68,74,40,,,,,,,,,,,
951,Montreal,,100,48.2,55,45,,,,,,,,,,,
952,Montreal,,22,30.5,12,10,,,,,,,,,,,
953,Montreal,,33,30,17,16,,,,,,,,,,,
954,Montreal,12,12,24.8,6,6,,,,,,,,,,,
955,Montreal,,34,36,14,20,,,,,,,,,,,
956,Montreal,8,8,23,3,5,,,,,,,,,,,
957,Montreal,,105,25.4,63,42,,,,,,,,,,,
958,Montreal,,49,29.98,28,21,,,,,,,,,,,
959,Montreal,13,13,24,6,7,,,,,,,,,,,
960,Montreal,48,48,,25,23,,,,,,,,,,,
961,Montreal,6,,28,2,4,,,,,,,,,,,
962,Montreal,,15,33,8,7,,,,,,,,,,,
963,Montreal,,25,20,10,15,,,,,,,,,,,
964,Montreal,,14,,,,,,,,,,,,,,
965,Montreal,16,16,,8,8,,,,,,,,,,,
966,Montreal,,247,23.3,187,60,,,,,,,,,,,
967,Montreal,,11,26.9,3,11,,,,,,,,,,,
968,Montreal,9,9,24.5,9,,,,,,,,,,,,
969,Montreal,,11,23,3,8,,,,,,,,,,,
970,Sherbrooke,31,,,,31,,,,,,,,,,,
971,Montreal,,10,25.5,5,5,6,,1,,,,3,,,,
972,Montreal,17,17,,8,9,,,,,,,,,,,
973,Montreal,9,9,,9,,,,,,,,,,,,
974,Montreal,9,9,28,3,9,,,,,,,,,,,
975,Montreal,12,12,25,6,6,,,,,,,,,,,
976,Montreal,,37,,,,,,,,,,,,,,
977,Montreal,,17,34.4,9,8,,,,,,,,,,,
978,Montreal,,20,38.9,8,12,,,,,,,,,,,
979,Montreal,12,12,,6,6,,,,,,,,,,,
980,Montreal,,28,25.76,13,15,,,,,,,,,,,
981,Montreal,,46,,,,,,,,,,,,,,
982,Montreal,16,16,21.56,8,8,,,,,,,,,,,
983,Montreal,,21,88.5,9,12,,,,,,,,,,,
984,Montreal,,60,30.96,,,,,,,,,,,,,
985,Montreal,,50,,22,28,,,,,,,,,,,
986,Montreal,12,12,26.8,6,6,,,,,,,,,,,
987,Montreal,,71,64.8,40,31,,,,,,,,,,,
988,Montreal,,42,,19,23,,,,,,,,,,,
989,Montreal,10,10,,4,6,,,,,,,,,,,
990,Montreal,,33,27.38,16,17,,,,,,,,,,,
991,Montreal,,20,71.6,15,5,,,,,,,,,,,
992,Montreal,8,,28.5,5,3,,,,,,,,,,,
993,Montreal,104,104,73.4,26,78,,,,,,,,,,,
994,Montreal,103,103,73.4,26,77,,,,,,,,,,,
995,Montreal,,93,64.4,67,26,,,,,,,,,,,
996,Montreal,,28,27.28,15,13,,,,,,,,,,,
997,Montreal,,82,64.3,59,23,,,,,,,,,,,
998,Montreal,,17,34.4,10,7,,,,,,,,,,,
999,Montreal,,13,28.5,9,4,,,,,,,,,,,
1000,Montreal,,9,31.9,3,6,,,,,,,,,,,
1001,Montreal,,30,40.5,19,11,,,,,,,,,,,
1002,Montreal,,26,68.3,10,16,,,,,,,,,,,
1003,Montreal,,25,70.34,10,15,,,,,,,,,,,
1004,Montreal,,57,21.71,,,63,,,,,,,,,,
1005,Montreal,,9,33,5,4,,,,,,,,,,,
1006,Montreal,,10,22.7,,,,,,,,,,,,,
1007,Montreal,,27,66.75,18,9,,,,,,,,,,,
1008,Montreal,9,,6.7,,,,,,,,,,,,,
1009,Montreal,21,,72.7,,,,,,,,,,,,,
1010,Montreal,,12,,,,,,,,,,,,,,
1011,Montreal,,80,63.03,40,40,,,,,,,,,,,
1012,Montreal,10,40,,30,20,,,,,,,,,,,
1013,Montreal,136,,63.1,73,63,,,,,,,,,,,
1014,Montreal,,22,18.5,11,11,,,,,,,,,,,
1015,Montreal,,15,23.9,7,8,,,,,,,,,,,
1016,Montreal,,32,34.3,17,15,,,,,,,,,,,
1017,Montreal,,,,,,,,,,,,,,,,
1018,Montreal,10,,,9,1,,,,,,,,,,,
1019,Montreal,51,51,61,,51,,,,,,,,,,,
1020,Montreal,,16,36.9,7,9,,,,,,,,,,,
1021,Montreal,,13,23.85,13,,,,,,,,,,,,
1022,Montreal,,80,25.09,39,41,,,,,,,,,,,
1023,Montreal,,15,23.9,7,8,,,,,,,,,,,
1024,Montreal,,39,,16,23,,,,,,,,,,,
1025,Montreal,,27,32,9,18,,,,,,,,,,,
1026,Montreal,,32,,15,17,,,,,,,,,,,
1027,Sherbrooke,,37,,,,,,,,,,,,,,
1028,Montreal,,122,1.38,32,90,,,,,,,,,,,
1029,Montreal,,53,34.4,53,,47,,,,,,,,,,
1030,Montreal,,45,21.2,39,6,,,,,,,,,,,
1031,Montreal,,30,66.5,16,14,,,,,,,,,,,
1032,Montreal,,3,25.7,2,1,,,,,,,,,,,
1033,Montreal,,42,,,,,,,,,,,,,,
1034,Montreal,,44,34,31,13,,,,,,,,,,,
1035,Montreal,,81,31.5,40,41,,,,,,,,,,,
1036,Montreal,,3,,3,,,,,,,,,,,,
1037,Montreal,,80,31.7,41,39,,,,,,,,,,,
1038,Montreal,,85,,,,,,,,,,,,,,
1039,Sherbrooke,,2,,,,,,,,,,,,,,
1040,Montreal,,23,27.1,16,7,,,,,,,,,,,
1041,Montreal,,42,33.95,29,13,33,4,,,,,,5,,,
1042,Montreal,,26,28.27,13,13,,,,,,,,,,,
1043,Montreal,,20,30,10,10,,,,,,,,,,,
1044,Montreal,,44,11.5,25,19,,,,,,,,,,,
1045,Montreal,,18,10.7,10,8,,,,,,,,,,,
1046,Montreal,51,51,,,51,,,,,,,,,,,
1047,Montreal,,44,34.3,,,,,,,,,,,,,
1048,Montreal,,4,21.2,1,3,,,,,,,,,,,
1049,Montreal,,7,68.17,1,6,,,,,,,,,,,
1050,Montreal,,43,30.5,16,27,,,,,,,,,,,
1051,Montreal,,18,25,4,14,,,,,,,,,,,
1052,Montreal,,28,74.6,8,20,,,,,,,,,,,
1053,Montreal,,42,39.75,26,16,,,,,,,,,,,
1054,Montreal,,23,39.2,12,11,,,,,,,,,,,
1055,Montreal,,42,38.3,26,16,,,,,,,,,,,
1056,Montreal,,44,13.5,,,,,,,,,,,,,
1057,Montreal,,28,30.7,,28,,,,,,,,,,,
1058,Montreal,,6,,,,,,,,,,,,,,
1059,Montreal,,127,53.35,51,76,,,,,,,,,,,
1060,Montreal,,40,23.3,20,20,,,,,,,,,,,
1061,Montreal,,25,26.7,,25,,,,,,,,,,,
1062,Montreal,1,,,,5,,,,,,,,,,,
1063,Montreal,,40,23.5,22,18,,,,,,,,,,,
1064,Montreal,,172,34.56,124,48,,,,,,,,,,,
1065,Montreal,,49,36.98,,,,,,,,,,,,,
1066,Montreal,7,,35,7,,7,,,,,,,,,,
1067,Quebec City,,5,,,,5,,,,,,,,,,
1068,Montreal,,9,,,9,,,,,,,,,,,
1069,Montreal,12,12,32.4,5,7,,,,,,,,,,,
1070,Montreal,12,,22.4,6,6,,,,,,,,,,,
1071,Montreal,9,,23.5,4,5,,,,,,,,,,,
1072,Montreal,,93,65.2,67,26,,,,,,,,,,,
1073,Montreal,,245,32,120,125,,,,,,,,,,,
1074,Sherbrooke,,23,,12,11,,,,,,,,,,,
1075,Montreal,,2,42.5,1,1,,,,,,,,,,,
1076,Montreal,,25,21.9,3,22,,,,,,,,,,,
1077,Montreal,,82,30.25,,,,,,,,,,,,,
1078,Montreal,,42,,19,23,,,,,,,,,,,
1079,Montreal,,28,25.7,,28,,,,,,,,,,,
1080,Montreal,,30,29.5,11,19,,,,,,,,,,,
1081,Montreal,,13,24.6,6,7,,,,,,,,,,,
1082,Montreal,,49,31.3,49,,,,,,,,,,,,
1083,Montreal,,12,26.7,2,10,,,,,,,,,,,
1084,Montreal,11,11,24,11,,,,,,,,,,,,
1085,Montreal,8,8,22,8,,,,,,,,,,,,
1086,Montreal,10,10,24.2,10,,,,,,,,,,,,
1087,Montreal,,37,73.9,22,15,,,,,,,,,,,
1088,Montreal,16,16,,12,4,,,,,,,,,,,
1089,Montreal,,20,,10,10,,,,,,,,,,,
1090,Montreal,21,21,30,11,10,,,,,,,,,,,
1091,Montreal,,41,,,,,,,,,,,,,,
1092,Quebec City,,84,54.11,35,49,,,,,,,,,,,
1093,Montreal,,32,23.9,15,17,,,,,,,,,,,
1094,Montreal,12,12,58.9,8,4,,,,,,,,,,,
1095,Montreal,,60,71.8,23,37,,,,,,,,,,,
1096,Montreal,12,12,26.8,6,6,,,,,,,,,,,
1097,Montreal,9,9,,,,,,,,,,,,,,
1098,Montreal,,31,54.95,12,19,,,,,,,,,,,
1099,Montreal,,17,,12,5,,,,,,,,,,,
1100,Montreal,,39,0.74,24,15,,,,,,,,,,,
1101,Montreal,,12,26.5,6,6,,,,,,,,,,,
1102,Montreal,,152,25.1,85,67,,,,,,,,,,,
1103,Montreal,28,28,36.3,11,17,,,,,,,,,,,
1104,Sherbrooke,44,44,,19,25,,,,,,,,,,,
1105,Montreal,,8,,,,,,,,,,,,,,
1106,Sherbrooke,75,75,,29,46,,,,,,,,,,,
1107,Montreal,,39,18.7,18,21,,,,,,,,,,,
1108,Montreal,,49,29.3,22,27,,,,,,,,,,,
1109,Montreal,,7,,3,4,,,,,,,,,,,
1110,Sherbrooke,,34,72,,,,,,,,,,,,,
1111,Montreal,,806,44,,,,,,,,,,,,,
1112,Sherbrooke,59,59,,23,36,,,,,,,,,,,
1113,Sherbrooke,56,56,,25,31,,,,,,,,,,,
1114,Montreal,5,5,,3,2,,,,,,,,,,,
1115,Montreal,,,,,,34,,,,,,,,,,
1116,Montreal,15,15,,8,7,,,,,,,,,,,
1117,Montreal,,18,51.9,7,11,,,,,,,,,,,
1118,Montreal,8,8,66.75,4,4,,,,,,,,,,,
1119,Montreal,10,10,,4,6,,,,,,,,,,,
1120,Montreal,6,,,3,3,,,,,,,,,,,
1121,Montreal,20,20,36.5,20,,,,,,,,,,,,
1122,Montreal,,84,,33,51,,,,,,,,,,,
1123,Montreal,,36,31,20,16,,,,,,,,,,,
1124,Montreal,6,6,72.33,4,2,,,,,,,,,,,
1125,Quebec City,,15,43.9,8,7,,,,,,,,,,,
1126,Montreeal,,50,29.54,27,23,,,,,,,,,,,
1127,Montreal,,24,37.2,1,23,,,,,,,,,,,
1128,Montreal,,22,20.5,9,13,,,,,,,,,,,
1129,Montreal,,,35.6,45,49,,,,,,,,,,,
1130,Montreal,35,14,37.8,17,18,,,,,,,,,,,
1131,Montreal,,33,61,20,13,,,,,,,,,,,
1132,Montreal,,2,,2,,,,,,,,,,,,
1133,Montreal,,13,39.8,,,,,,,,,,,,,
1134,Montreal,,28,42.7,16,12,,,,,,,,,,,
1135,Montreal,,54,49.6,16,38,,,,,,,,,,,
1136,Montreal,,68,46.5,27,41,,,,,,,,,,,
1137,Montreal,,53,45.4,16,37,,,,,,,,,,,
1138,Montreal,25,25,47,12,13,,,,,,,,,,,
1139,Montreal,4,4,24,4,,,,,,,,,,,,
1140,Montreal,12,12,58.75,8,4,,,,,,,,,,,
1141,Montreal,,2,35.85,2,,,,,,,,,,,,
1142,Montreal,,31,69.3,22,9,,,,,,,,,,,
1143,Montreal,,16,,,,,,,,,,,,,,
1144,Montreal,,17,23.6,10,7,,,,,,,,,,,
1145,Montreal,13,14,24.3,6,8,,,,,,,,,,,
1146,Montreal,,26,62.32,12,14,,,,,,,,,,,
1147,Montreal,,27,60.3,12,15,,,,,,,,,,,
1148,Montreal,,14,32.85,12,2,,,,,,,,,,,
1149,Montreal,15,15,21.5,15,,,,,,,,,,,,
1150,Montreal,11,11,38.7,6,5,,,,,,,,,,,
1151,Montreal,,86,,39,47,,,,,,,,,,,
1152,Montreal,,19,22.6,7,12,,,,,,,,,,,
1153,Montreal,10,10,,10,,,,,,,,,,,,
1154,Montreal,,176,,66,110,,,,,,,,,,,
1155,Montreal,4,,24,3,1,,,,,,,,,,,
1156,Montreal,10,10,,,,,,,,,,,,,,
1157,Montreal,,,9.2,14,4,,,,,,,,,,,
1158,Montreal,6,6,,2,4,,,,,,,,,,,
1159,Montreal,,10,23.4,5,5,,,,,,,,,,,
1160,Montreal,5,,24,4,1,,,,,,,,,,,
1161,Quebec City,,33,67.1,20,13,,,,,,,,,,,
1162,Sherbrooke,,15,28.7,7,8,,,,,,,,,,,
1163,Montreal,,14,56.6,,,,,,,,,,,,,
1164,Quebec City,,12,67.5,,,,,,,,,,,,,
1165,Montreal,,11,24,5,6,,,,,,,,,,,
1166,Montreal,,17,55.3,13,4,,,,,,,,,,,
1167,Montreal,,106,43,65,63,,,,,,,,,,,
1168,Montreal,,60,,29,31,,,,,,,,,,,
1169,Montreal,,13,,9,4,,,,,,,,,,,
1170,Montreal,,40,,7,33,,,,,,,,,,,
1171,Montreal,12,12,39.5,10,2,,,,,,,,,,,
1172,Montreal,14,14,34.43,7,7,,,,,,,,,,,
1173,Montreal,,109,,57,52,,,,,,,,,,,
1174,Montreal,,19,40,7,12,,,,,,,,,,,
1175,Montreal,,89,18.4,32,47,,,,,,,,,,,
1176,Montreal,18,,66.5,13,5,,,,,,,,,,,
1177,Montreal,,57,28.4,,,,,,,,,,,,,
1178,Montreal,,44,0.46,22,22,,,,,,,,,,,
1179,Montreal,,12,,5,7,,,,,,,,,,,
1180,Montreal,6,9,,,,,,,,,,,,,,
1181,Montreal,18,18,37.2,13,5,18,,,,,,,,,,
1182,Montreal,14,14,,7,7,,,,,,,,,,,
1183,Quebec City,,29,45.9,8,21,,,,,,,,,,,
1184,Montreal,,26,,13,13,,,,,,,,,,,
1185,Montreal,19,19,27.5,5,14,,,,,,,,,,,
1186,Montreal,,40,,7,33,,,,,,,,,,,
1187,Montreal,,9,,3,6,,,,,,,,,,,
1188,Montreal,,13,,,,,,,,,,,,,,
1189,Montreal,,83,73.09,39,44,,,,,,,,,,,
1190,Montreal,,74,,27,47,,,,,,,,,,,
1191,Montreal,109,109,55,52,57,,,,,,,,,,,
1192,Montreal,,62,,,,,,,,,,,,,,
1193,Quebec City,,48,29.45,40,8,,,,,,,,,,,
1194,Montreal,,7,31.1,6,1,,,,,,,,,,,
1195,Montreal,,28,36.85,10,18,,,,,,,,,,,
1196,Quebec City,,21,29.2,18,3,,,,,,,,,,,
1197,Montreal,,62,,,,,,,,,,,,,,
1198,Montreal,,14,,,,,,,,,,,,,,
1199,Montreal,,38,25.6,28,10,,,,,,,,,,,
1200,Montreal,,27,,,,,,,,,,,,,,
1201,Montreal,,14,23,5,9,,,,,,,,,,,
1202,Montreal,,57,,20,37,,,,,,,,,,,
1203,Montreal,,4,38,3,1,,,,,,,,,,,
1204,Sherbrooke,,19,,15,4,,,,,,,,,,,
1205,Montreal,,14,23,5,9,,,,,,,,,,,
1206,Montreal,,3,64.3,2,1,,,,,,,,,,,
1207,Montreal,,40,,29,11,,,,,,,,,,,
1208,Montreal,,62,24,28,34,,,,,,,,,,,
1209,Montreal,,25,22.6,13,12,,,,,,,,,,,
1210,Montreal,,30,33.4,10,20,28,,2,,,,,,,,
1211,Montreal,23,,66.25,,,,,,,,,,,,,
1212,Montreal,,13,27.4,6,7,,,,,,,,,,,
1213,Montreal,6,6,25,3,3,,,,,,,,,,,
1214,Montreal,,25,23.5,11,14,,,,,,,,,,,
1215,Montreal,,10,62.5,8,2,,,,,,,,,,,
1216,Montreal,12,12,25,6,6,,,,,,,,,,,
1217,Montreal,,,,,,,,,,,,,,,,
1218,Montreal,,14,,9,5,,,,,,,,,,,
1219,Montreal,,13,,,,,,,,,,,,,,
1220,Montreal,12,12,23,6,6,,,,,,,,,,,
1221,Montreal,,30,36,16,14,,,,,,,,,,,
1222,Montreal,,34,36,20,14,,,,,,,,,,,
1223,Montreal,,20,21.3,8,12,,,,,,,,,,,
1224,Montreal,,40,,20,20,,,,,,,,,,,
1225,Montreal,,34,36,13,21,,,,,,,,,,,
1226,Montreal,,16,24.8,8,8,,,,,,,,,,,
1227,Montreal,,20,36,10,10,,,,,,,,,,,
1228,Montreal,,8,29,,,,,,,,,,,,,
1229,Montreal,,32,27.5,13,19,,,,,,,,,,,
1230,Montreal,,7,,5,2,,,,,,,,,,,
1231,Montreal,,10,29.6,,,,,,,,,,,,,
1232,Montreal,,15,32.2,10,15,,,,,,,,,,,
1233,Montreal,,41,44.49,12,29,,,,,,,,,,,
1234,Montreal,,,8.43,,,,,,,,,,,,,
1235,Quebec City,,32,,24,8,,,,,,,,,,,
1236,Montreal,,20,26.2,10,10,,,,,,,,,,,
1237,Montreal,88,,9.69,43,45,,,,,,,,,,,
1238,Montreal,,45,65.3,25,20,,,,,,,,,,,
1239,Montreal,,74,60.9,47,27,74,,,,,,,,,,
1240,Quebec City,,27,,9,18,,,,,,,,,,,
1241,Quebec City,,29,,21,8,,,,,,,,,,,
1242,Montreal,,30,22.02,22,,,,,,,,,,,,
1243,Montreal,,30,59.5,30,,,,,,,,,,,,
1244,Montreal,,18,29.32,9,9,,,,,,,,,,,
1245,Montreal,,2,21,1,1,,,,,,,,,,,
1246,Quebec City,,30,,11,19,,,,,,,,,,,
1247,Montreal,,12,26,3,9,,,,,,,,,,,
1248,Montreal,,15,26,9,6,,,,,,,,,,,
1249,Montreal,,86,35,44,42,,,,,,,,,,,
1250,Montreal,,6,29,5,1,,,,,,,,,,,
1251,Montreal,,10,,,,,,,,,,,,,,
1252,Montreal,,1,33,,1,,,,,,,,,,,
1253,Quebec City,,40,,20,20,,,,,,,,,,,
1254,Montreal,,54,25.4,35,19,,,,,,,,,,,
1255,Montreal,,69,,69,,,,,,,,,,,,
1256,Montreal,,60,,60,,,,,,,,,,,,
1257,Montreal,,70,33.2,70,,62,,,,,,,,,,
1258,Montreal,,60,,60,,,,,,,,,,,,
1259,Montreal,,50,,50,,,,,,,,,,,,
1260,Montreal,24,24,73.06,9,15,,,,,,,,,,,
1261,Montreal,,21,42.6,,,23,,,,,,,,,,
1262,Montreal,171,171,66.7,63,108,,,,,,,,,,,
1263,Montreal,,22,40,11,11,,,,,,,,,,,
1264,Montreal,,82,35,,,,,,,,,,,,,
1265,Montreal,,17,39.2,6,11,,,,,,,,,,,
1266,Montreal,,9,,,,,,,,,,,,,,
1267,Montreal,,68,13.61,32,36,,,,,,,,,,,
1268,Montreal,,95,24.03,49,46,,,,,,,,,,,
1269,Montreal,,9,28,1,8,,,,,,,,,,,
1270,Montreal,,13,47,8,5,,,,,,,,,,,
1271,Montreal,111,111,37.9,50,61,,,,,,,,,,,
1272,Montreal,,63,34.4,31,32,,,,,,,,,,,
1273,Montreal,,8,,,,,,,,,,,,,,
1274,Montreal,,7,25.8,4,3,,,,,,,,,,,
1275,Montreal,,47,10,21,26,,,,,,,,,,,
1276,Montreal,,24,41.5,13,11,,,,,,,,,,,
1277,Montreal,,59,,59,,,,,,,,,,,,
1278,Montreal,,82,47.1,41,41,,,,,,,,,,,
1279,Montreal,,48,29.71,32,16,,,,,,,,,,,
1280,Montreal,,8,28,1,7,,,,,,,,,,,
1281,Montreal,,35,60.55,22,13,,,,,,,,,,,
1282,Montreal,6,,59.3,,,,,,,,,,,,,
1283,Montreal,,25,34.6,19,6,23,,,,,,,,2,,
1284,Montreal,,12,43.98,5,7,,,,,,,,,,,
1285,Montreal,6,6,,4,2,,,,,,,,,,,
1286,Sherbrooke,,46,10.42,29,17,,,,,,,,,,,
1287,Montreal,,25,57.1,6,19,,,,,,,,,,,
1288,Montreal,,63,10,,,,,,,,,,,,,
1289,Montreal,,73,40.1,,,,,,,,,,,,,
1290,Montreal,8,,,3,5,,,,,,,,,,,
1291,Montreal,,10,,,,,,,,,,,,,,
1292,Montreal,,61,14.3,33,28,,,,,,,,,,,
1293,Montreal,,7,25.8,4,3,,,,,,,,,,,
1294,Montreal,,161,47.11,49,92,,,,,,,,,,,
1295,Quebec City,7,262,67.5,134,128,,,,,,,,,,,
1296,Montreal,,38,,,,,,,,,,,,,,
1297,Montreal,,88,13.54,42,46,,,,,,,,,,,
1298,Montreal,7,7,56.4,,,,,,,,,,,,,
1299,Montreal,5,,,,,,,,,,,,,,,
1300,Montreal,,45,31.3,25,20,,,,,,,,,,,
1301,Montreal,,10,22.9,5,5,,,,,,,,,,,
1302,Montreal,8,,,5,3,,,,,,,,,,,
1303,Montreal,,25,26.65,16,9,,,,,,,,,,,
1304,Montreal,,8,28,6,2,,,,,,,,,,,
1305,Montreal,,15,28.3,11,4,,,,,,,,,,,
1306,Trois-Rivières,,21,23.4,10,11,,,,,,,,,,,
1307,Montreal,,12,28.2,9,3,,,,,,,,,,,
1308,Montreal,,2,36.5,,,,,,,,,,,,,
1309,Montreal,,12,27,7,5,,,,,,,,,,,
1310,Montreal,,53,25.79,34,19,,,,,,,,,,,
1311,Montreal,,23,29,10,13,,,,,,,,,,,
1312,Montreal,,7,40,1,6,,,,,,,,,,,
1313,Montreal,,13,22.4,8,5,,,,,,,,,,,
1314,Montreal,,7,29,4,3,,,,,,,,,,,
1315,Montreal,,33,22.06,28,5,,,,,,,,,,,
1316,Montreal,,15,22.8,10,5,,,,,,,,,,,
1317,Montreal,,125,47.9,35,90,,,,,,,,,,,
1318,Montreal,,39,64.69,17,22,,,,,,,,,,,
1319,Montreal,28,28,21.7,,,,,,,,,,,,,
1320,Montreal,,40,19.87,16,24,31,,,3,4,,,,,2,
1321,Montreal,,32,30.28,9,23,,,,,,,,,,,
1322,Montreal,,28,21.52,9,19,,,,,,,,,,,
1323,Montreal,74,,20,25,49,,,,,,,,,,,
1324,Montreal,,28,,,,,,,,,,,,,,
1325,Montreal,74,74,20,25,49,,,,,,,,,,,
1326,Montreal,8,8,23.7,2,6,,,,,,,,,,,
1327,Montreal,10,26,33.67,15,16,,,,,,,,,,,
1328,Montreal,9,9,,4,5,,,,,,,,,,,
1329,Montreal,7,7,,2,5,,,,,,,,,,,
1330,Montreal,,33,29,14,19,,,,,,,,,,,
1331,Montreal,,124,76,,,,,,,,,,,,,
1332,Montreal,,7,,,,,,,,,,,,,,
1333,Montreal,,60,,23,37,,,,,,,,,,,
1334,Montreal,,17,23.1,8,9,,,,,,,,,,,
1335,Montreal,,41,66,,,,,,,,,,,,,
1336,Montreal,,39,65.5,,,,,,,,,,,,,
1337,Montreal,,22,22.5,8,14,,,,,,,,,,,
1338,Montreal,8,8,25,8,,,,,,,,,,,,
1339,Montreal,,24,23,8,16,,,,,,,,,,,
1340,Montreal,,14,26,8,6,,,,,,,,,,,
1341,Montreal,,10,25.3,5,5,,,,,,,,,,,
1342,Montreal,,11,28.2,5,6,,,,,,,,,,,
1343,Montreal,,11,28.2,5,6,,,,,,,,,,,
1344,Montreal,,61,22.9,47,14,,,,,,,,,,,
1345,Montreal,,5,,4,1,,,,,,,,,,,
1346,Montreal,,116,13.6,55,61,,,,,,,,,,,
1347,Montreal,,46,10,27,19,,,,,,,,,,,
1348,Montreal,,51,10.25,43,8,,,,,,,,,,,
1349,Montreal,,51,23.6,32,19,,,,,,,,,,,
1350,Montreal,,70,62,32,38,,,,,,,,,,,
1351,Montreal,,1,,1,,1,,,,,,,,,,
1352,Montreal,,,20.4,25,19,,,,,,,,,,,
1353,Montreal,,16,0.027,10,6,,,,,,,,,,,
1354,Montreal,,19,26.9,10,9,,,,,,,,,,,
1355,Montreal,26,26,21.3,18,8,23,,,,,3,,,,,
1356,Montreal,,18,27,9,9,,,,,,,,,,,
1357,Montreal,,40,30.2,21,19,,,,,,,,,,,
1358,Montreal,,18,26.9,9,9,,,,,,,,,,,
1359,Montreal,8,8,,8,,,,,,,,,,,,
1360,Montreal,,11,21.4,5,6,,,,,,,,,,,
1361,Montreal,,34,43,16,18,,,,,,,,,,,
1362,Montreal,,76,9,,,,,,,,,,,,,
1363,Montreal,,44,6,24,20,,,,,,,,,,,
1364,Montreal,,,,,,,,,,,,,,,,
1365,Montreal,34,34,37.9,16,18,,,,,,,,,,,
1366,Montreal,12,12,28.6,,12,,,,,,,,,,,
1367,Montreal,,58,36.4,21,37,,,,,,,,,,,
1368,Montreal,,13,,4,9,,,,,,,,,,,
1369,Montreal,,17,23.78,,,,,,,,,,,,,
1370,Montreal,6,6,39,1,5,,,,,,,,,,,
1371,Montreal,38,44,8.85,23,21,,,,,,,,,,,
1372,Montreal,,25,25,13,12,,,,,,,,,,,
1373,Montreal,,12,23.4,5,7,,,,,,,,,,,
1374,Montreal,,55,31.75,26,29,,,,,,,,,,,
1375,Montreal,,14,23.3,5,9,,,,,,,,,,,
1376,Montreal,12,12,65.4,8,4,,,,,,,,,,,
1377,Montreal,,48,63,17,31,,,,,,,,,,,
1378,Montreal,,59,66.97,69,46,,,,,,,,,,,
1379,Montreal,,20,37.9,,,,,,,,,,,,,
1380,Montreal,,20,,,,,,,,,,,,,,
1381,Montreal,,30,15,14,16,,,,,,,,,,,
1382,Montreal,,18,20.8,6,12,,,,,,,,,,,
1383,Montreal,,7,38,2,5,,,,,,,,,,,
1384,Montreal,,12,23.3,5,7,,,,,,,,,,,
1385,Montreal,,43,31.5,25,18,,,,,,,,,,,
1386,Montreal,,11,23.05,4,7,,,,,,,,,,,
1387,Montreal,,5,,,,,,,,,,,,,,
1388,Sherbrooke,78,78,73.7,33,45,,,,,,,,,,,
1389,Montreal,,122,46.5,52,70,,,,,,,,,,,
1390,Montreal,,37,45.3,11,26,,,,,,,,,,,
1391,Montreal,,22,22.2,22,,,,,,,,,,,,
1392,Montreal,,34,69.3,15,19,,,,,,,,,,,
1393,Montreal,,96,35.7,51,45,,,,,,,,,,,
1394,Montreal,10,10,20.8,5,5,,,,,,,,,,,
1395,Montreal,,18,20.8,6,12,,,,,,,,,,,
1396,Montreal,8,8,,,,,,,,,,,,,,
1397,Montreal,,31,69,22,9,,,,,,,,,,,
1398,Montreal,28,28,69.12,19,9,,,,,,,,,,,
1399,Montreal,,11,26,4,7,,,,,,,,,,,
1400,Montreal,36,36,39.8,18,18,,,,,,,,,,,
1401,Montreal,7,7,,7,,,,,,,,,,,,
1402,Montreal,,15,13.2,7,8,,,,,,,,,,,
1403,Montreal,8,,72.6,4,4,,,,,,,,,,,
1404,Montreal,,7,,5,2,,,,,,,,,,,
1405,Montreal,,10,27,3,7,,,,,,,,,,,
1406,Montreal,,43,29,18,25,,,,,,,,,,,
1407,Montreal,,212,46.5,87,145,,,,,,,,,,,
1408,Montreal,,28,29.46,10,18,,,,,,,,,,,
1409,Montreal,,17,,,,,,,,,,,,,,
1410,Montreal,,50,29.54,27,23,,,,,,,,,,,
1411,Montreal,,83,34.3,36,47,,,,,,,,,,,
1412,Quebec City,,61,68.6,34,27,,,,,,,,,,,
1413,Montreal,,202,49.5,105,97,,,,,,,,,,,
1414,Montreal,59,59,31.5,31,28,,,,,,,,,,,
1415,"Montreal, Bas-Saint-Laurent, Abitibi, Gaspésie, Mauricie",,5,7,2,3,5,,,,,,,,,,
1416,Montreal,,40,22.3,35,5,,,,,,,,,,,
1417,Montreal,,84,54.7,47,37,,,,,,,,,,,
1418,Montreal,6,,34.3,6,,,,,,,,,,,,
1419,Sherbrooke,32,32,75.15,14,18,,,,,,,,,,,
1420,Montreal,,28,23.5,24,4,,,,,,,,,,,
1421,Montreal,,9,26,6,3,,,,,,,,,,,
1422,Sherbrooke,33,33,74.8,15,18,,,,,,,,,,,
1423,Montreal,,50,30.4,38,12,,,,,,,,,,,
1424,Montreal,,28,25.7,,28,,,,,,,,,,,
1425,Montreal,,138,65.9,70,68,,,,,,,,,,,
1426,Montreal,,30,,,,,,,,,,,,,,
1427,Quebec City,,57,45.8,15,42,,,,,,,,,,,
1428,Montreal,20,20,24.65,,,,,,,,,,,,,
1429,Montreal,8,8,22.4,4,4,,,,,,,,,,,
1430,Montreal,,10,59,5,5,,,,,,,,,,,
1431,Montreal,,20,,,,,,,,,,,,,,
1432,Montreal,12,12,,,,,,,,,,,,,,
1433,Montreal,10,10,23,5,5,,,,,,,,,,,
1434,Montreal,9,9,27,3,6,,,,,,,,,,,
1435,Montreal,7,,,6,1,,,,,,,,,,,
1436,Montreal,,24,,12,12,,,,,,,,,,,
1437,Montreal,,64,> 16,,,,,,,,,,,,,
1438,Montreal,,25,58,13,12,,,,,,,,,,,
1439,Montreal,,6,41.7,3,3,,,,,,,,,,,
1440,Montreal,22,22,47.8,,22,,,,,,,,,,,
1441,Montreal,20,20,,,,,,,,,,,,,,
1442,Montreal,,42,27.9,,,,,,,,,,,,,
1443,Montreal,,12,23,5,7,,,,,,,,,,,
1444,Montreal,,18,22,,,,,,,,,,,,,
1445,Montreal,,12,,,,,,,,,,,,,,
1446,Montreal,12,12,22,6,6,,,,,,,,,,,
1447,Montreal,12,,23,6,6,,,,,,,,,,,
1448,Montreal,20,54,28.22,30,24,,,,,,,,,,,
1449,Montreal,,13,26,6,7,,,,,,,,,,,
1450,Montreal,,14,59.79,,,,,,,,,,,,,
1451,Montreal,,17,,8,9,,,,,,,,,,,
1452,Montreal,,28,22.37,18,10,,,,,,,,,,,
1453,Montreal,,24,25.5,13,11,,,,,,,,,,,
1454,Montreal,,124,64.5,84,40,,,,,,,,,,,
1455,Montreal,15,,74.3,6,9,,,,,,,,,,,
1456,Sherbrooke,,18,,15,3,,,,,,,,,,,
1457,Montreal,15,114,33.9,,,,,,,,,,,,,
1458,Montreal,38,38,73.8,,,,,,,,,,,,,
1459,Montreal,,46,41.4,25,21,,,,,,,,,,,
1460,Montreal,,19,33.2,8,11,,,,,,,,,,,
1461,Montreal,13,,34.7,7,6,,,,,,,,,,,
1462,Montreal,15,,73.59,7,8,,,,,,,,,,,
1463,Montreal,,12,,,,,,,,,,,,,,
1464,Montreal,,9,23,3,6,,,,,,,,,,,
1465,Montreal,,24,,12,12,,,,,,,,,,,
1466,Montreal,,46,40.8,23,23,,,,,,,,,,,
1467,Montreal,,26,33.3,,,,,,,,,,,,,
1468,Montreal,,52,43.3,26,26,,,,,,,,,,,
1469,Montreal,,36,36.3,21,15,,,,,,,,,,,
1470,Montreal,,96,37.5,37,59,,,,,,,,,,,
1471,Montreal,28,,,15,13,,,,,,,,,,,
1472,Montreal,,40,25.6,26,14,,,,,,,,,,,
1473,Montreal,17,17,,,,,,,,,,,,,,
1474,Montreal,,29,33.02,15,14,,,,,,,,,,,
1475,Montreal,6,6,25.8,2,4,,,,,,,,,,,
1476,Montreal,,53,24.02,23,30,,,,,,,,,,,
1477,Montreal,,25,57.5,,,,,,,,,,,,,
1478,"Montreal, Sherbrooke",,26,63.5,13,13,,,,,,,,,,,
1479,Montreal,,63,46.7,27,36,,,,,,,,,,,
1480,Montreal,,29,68.4,14,15,,,,,,,,,,,
1481,Montreal,,30,24,15,15,,,,,,,,,,,
1482,Montreal,,46,30.8,23,23,,,,,,,,,,,
1483,Montreal,,7,0.75,,,,,,,,,,,,,
1484,Montreal,,30,24,15,15,,,,,,,,,,,
1485,Montreal,,30,35.7,20,10,,,,,,,,,,,
1486,Montreal,,106,40.06,42,64,,,,,,,,,,,
1487,Montreal,,66,65.8,,,,,,,,,,,,,
1488,Quebec City,,84,54.5,35,49,,,,,,,,,,,
1489,Montreal,2,2,14.5,,2,,,,,,,,,,,
1490,Montreal,23,39,8.08,20,19,,,,,,,,,,,
1491,Montreal,,49,42.4,,,,,,,,,,,,,
1492,Montreal,,40,25.6,16,14,,,,,,,,,,,
1493,Montreal,25,,33.6,13,12,,,,,,,,,,,
1494,Montreal,,12,29,4,8,,,,,,,,,,,
1495,Montreal,,31,27.7,15,16,,,,,,,,,,,
1496,Montreal,,72,46.95,28,44,,,,,,,,,,,
1497,Montreal,,54,25.3,27,27,,,,,,,,,,,
1498,Montreal,,18,39,10,8,,,,,,,,,,,
1499,Montreal,,46,32,,,,,,,,,,,,,
1500,Montreal,,6,,1,5,,,,,,,,,,,
1501,Montreal,12,12,22,6,6,,,,,,,,,,,
1502,Montreal,,5,30,3,2,,,,,,,,,,,
1503,Montreal,,31,31.9,12,19,,,,,,,,,,,
1504,Montreal,20,22,,41,1,,,,,,,,,,,
1505,Montreal,,113,33,42,71,,,,,,,,,,,
1506,Montreal,11,11,,11,,,,,,,,,,,,
1507,Montreal,12,12,,6,6,,,,,,,,,,,
1508,Montreal,,154,48.08,45,109,,,,,,,,,,,
1509,Montreal,24,24,27.2,11,13,,,,,,,,,,,
1510,Montreal,,10,,,,,,,,,,,,,,
1511,Montreal,,18,29.31,9,9,18,,,,,,,,,,
1512,Montreal,61,61,43.5,25,36,,,,,,,,,,,
1513,Montreal,,349,63,102,247,345,,,,,,,,,,
1514,Montreal,324,324,70.05,130,194,,,,,,,,,,,
1515,Montreal,,73,24.2,48,25,,,,,,,,,,,
1516,Montreal,,49,24.4,39,10,,,,,,,,,,,
1517,Montreal,,184,,,,,,,,,,,,,,
1518,Montreal,,223,24.3,170,53,,,,,,,,,,,
1519,Montreal,,85,23.1,54,31,,,,,,,,,,,
1520,Montreal,,177,24.2,118,59,,,,,,,,,,,
1521,"Montreal, Sherbrooke, Quebec City",29,142,73.6,47,95,,,,,,,,,,,
1522,Montreal,,279,32.6,144,135,,,,,,,,,,,
1523,Montreal,,208,8.4,86,122,,,,,,,,,,,
1524,Montreal,58,,18.5,22,36,56,1,,,,,,,,,1
1525,"Saguenay Lac Saint Jean region, Chicoutimi",,1029,15.02,494,535,,,,,,,,,,,
1526,Montreal,,63,11.5,31,32,,,,,,,,,,,
1527,"Island of Montreal, Quebec City, Laurentians, Lanaudiere, Estrie, Outaouais",,,,249,200,,,,,,,,,,,
1528,Montreal,,43,0.75,30,13,,,,,,,,,,,
1529,Montreal,10,10,,5,5,,,,,,,,,,,
1530,Montreal,,20,,11,9,,,,,,,,,,,
1531,Montreal,,32,53.03,16,16,,,,,,,,,,,
1532,Montreal,,7,,4,3,,,,,,,,,,,
1533,Montreal,33,36,40.5,14,22,,,,,,,,,,,
1534,Montreal,,6,43.67,,6,,,,,,,,,,,
1535,Montreal,,19,35,7,12,,,,,,,,,,,
1536,Montreal,,202,0.75,113,89,,,,,,,,,,,
1537,Montreal,,28,10.57,11,17,,,,,,,,,,,
1538,Montreal,,23,23.3,9,14,,,,,,,,,,,
1539,Montreal,6,6,23.7,6,,,,,,,,,,,,
1540,Montreal,,40,,,,,,,,,,,,,,
1541,Montreal,,35,63,20,15,,,,,,,,,,,
1542,Montreal,29,29,73.6,,,,,,,,,,,,,
1543,Montreal,,58,33.02,48,10,,,,,,,,,,,
1544,Montreal,,110,,33,77,,,,,,,,,,,
1545,Montreal,,10,27,3,7,,,,,,,,,,,
1546,Montreal,,50,25.2,29,21,,,,,,,,,,,
1547,Montreal,,16,,2,14,,,,,,,,,,,
1548,Montreal,,7,,4,6,,,,,,,,,,,
1549,Montreal,,4,,,,,,,,,,,,,,
1550,Montreal,,16,25.7,15,1,,,,,,,,,,,
1551,Montreal,,11,34,7,4,,,,,,,,,,,
1552,Montreal,,33,43.5,23,10,,,,,,,,,,,
1553,Montreal,,3,33,3,,,,,,,,,,,,